Tipo_Nota,Formato,Chave_NFSe,Numero_NFSe,Serie_RPS,Data_Emissao,Data_Competencia,Municipio_Prestacao,cTribNac,xDescServ,cNBS_DPS,Cod_Servico_Mun,Desc_Servico,Cod_Item_Lei116,Cod_NBS,ISS_Retido,BC_ISS,Aliq_ISS,Valor_ISS,pAliq_ISS,tpRetISSQN,BC_CSRF,Valor_PIS,Valor_COFINS,Valor_CSLL,BC_IRRF,Valor_IRRF,BC_INSS,Valor_INSS,pTotTribSN,IBS_vBC,IBS_pIBSUF,IBS_pIBSMun,CBS_pCBS,Valor_Bruto,Valor_Liquido,Discriminacao,CNPJ_Prestador,IM_Prestador,Nome_Prestador,NomeFantasia_Prestador,UF_Prestador,Mun_Prestador,Email_Prestador,Simples_Nacional,CNPJ_Tomador,IM_Tomador,Nome_Tomador,Mun_Tomador,UF_Tomador,Email_Tomador,Arquivo_Origem
NFS-e,CompNFe,43168082229780984000152000000000052826034790031624,528,900,2026-03-03T02:14:14,2026-03-03,SANTA CRUZ DO SUL,,,,010401,"Elaboração de programas de computadores, inclusive de jogos eletrônicos, independentemente da arquitetura construtiva da máquina em que o programa será executado, incluindo tablets, smartphones e congêneres",01.04,115021000,0,964.00,0,0,,,964.00,0,0,0,964.00,0,964.00,0,,,,,,964.00,964.00,"30 2 - Licença de uso da plataforma meuResíduo (Gerador). 450,00 1 7 - Licença de uso da plataforma meuResíduo (BI). 399,00 1 13 - Licença de uso da plataforma meuResíduo (CNPJ Adicional). 115,00     ",29780984000152,,MEURESIDUO SOLUCOES TECNOLOGICAS LTDA,,,SANTA CRUZ DO SUL,,1,01082569000106,141372,H P TRANSPORTES COLETIVOS LTDA,GOIANIA,GO,,0000000000000000000052820260302 - MEURESIDUO SOLUCOES TECNOLOGICAS.xml
NFS-e,CompNFe,31062002230342266000183000000003512026038751241496,35120,1001,2026-03-05T23:17:48,2026-03-05,BELO HORIZONTE,,,,010501,Licenciamento ou cessão de direito de uso de programas de computação,01.05,111032200,0,690.00,0,0,,,690.00,0,0,0,690.00,0,690.00,0,,672.75,0.10,0.00,0.90,690.00,690.00,1.05 - LICENCIAMENTO OU CESSAO DE DIREITO DE USO DE PROGRAMAS DE COMPUTACAO Cobranca mensal de uso de plataforma - Onfly REFERENTE A MARCO/26 REFERENTE A MARCO/26,30342266000183,,ONFLY TECNOLOGIA LTDA,,,BELO HORIZONTE,,0,01082569000106,141372,H P TRANSPORTES COLETIVOS LTDA,GOIANIA,GO,,0000000000000000003512020260305 - ONFLY TECNOLOGIA LTDA.xml
NFS-e,CompNFe,31702062205872814001373000000036399426029519892264,363994,004,2026-02-23T17:17:02,2026-02-21,UBERLANDIA,,,,010501,Licenciamento ou cessão de direito de uso de programas de computação,01.05,111032100,0,35289.61,0,0,,,35289.61,0,0,0,35289.61,0,35289.61,0,,31319.53,0.10,0.00,0.90,35289.61,35289.61,"SERVIÇOS CONTRATADOS OFFICE 365 - R$ 35.289,61",05872814001373,,VOGEL SOLUCOES EM TELECOMUNICACOES E INFORMATICA S.A.,,,UBERLANDIA,,0,01082569000106,141372,H P TRANSPORTES COLETIVOS LTDA,GOIANIA,GO,,0000000000000000036399420260223 - VOGEL SOLUCOES EM TELECOMUNICACO.xml
NFS-e,NFSe Nacional,52025022238186445000180000000000000226022333179333,2,900,2026-02-23T15:56:21-03:00,2026-02-23,Goiânia,170202,PRESTAÇÃO DE SERVIÇOS REF FEVEREIRO 2026 CONFORME CONTRATO,118064000,,"Expediente, secretaria em geral, apoio e infra-estrutura administrativa e congêneres.",,Serviços combinados de escritório e apoio administrativo,1,,,,,1,34538.34,,,,,,,,,,,,,34538.34,34538.34,PRESTAÇÃO DE SERVIÇOS REF FEVEREIRO 2026 CONFORME CONTRATO,38186445000180,,MJOTA GESTAO DE PERFORMANCE VEICULAR LTDA,,GO,Aruanã,CONT.INNOVARE@GMAIL.COM,3,01082569000106,,HP MOBILIDADE LTDA.,Goiânia,,,000000000000226022333179333 - MJOTA GESTAO DE PERFORMANCE VEIC.xml
NFS-e,NFSe Nacional,52087071202066074000156000000000000326021770651010,3,00001,2026-02-09T00:00:00-03:00,2026-02-09,GOIÂNIA,170101,"Honorarios pelo servico de atualizacao do calculo para o Processo no 5610529-50.2021.8.09.0011, Promovente: AILTON DE OLIVEIRA X Promovido:HP Transportes Coletivos Ltda.",114013900,,"Assessoria ou consultoria de qualquer natureza, não contida em outros itens desta lista.",,1.1401.39.00-Serviços de assessoria empresarial não classificados em subposições anteriores,2,450.00,2.01,9.04,2.01,2,450.00,,,,,,,,,,,,,450.00,440.96,"Honorarios pelo servico de atualizacao do calculo para o Processo no 5610529-50.2021.8.09.0011, Promovente: AILTON DE OLIVEIRA X Promovido:HP Transportes Coletivos Ltda.",02066074000156,576972,LEXPLAN ASSESSORIA FINANCEIRA PLANEJAMENTO E ADMINISTRACAO LTDA,LEXPLAN ASSESSORIAS,GO,GOIÂNIA,afopericias10@gmail.com,3,01082569000106,141372,HP MOBILIDADE LTDA.,GOIÂNIA,,gcon@gestaosian.com.br,000000000000326021770651010 - LEXPLAN ASSESSORIA FINANCEIRA PL.xml
NFS-e,NFSe Nacional,52087071253611136000102000000000000326021771623197,3,00001,2026-02-20T00:00:00-03:00,2026-02-20,GOIÂNIA,170201,"Prestacao de servicos conforme contrato - 1 x 10.874,85 = 10.874,85",118065300,,"Datilografia, digitação, estenografia e congêneres.",,1.1806.53.00-Serviços de preparação de documentos,2,10874.85,2.01,218.58,2.01,2,10874.85,,,,,,,,,,,,,10874.85,10656.27,"Prestacao de servicos conforme contrato - 1 x 10.874,85 = 10.874,85",53611136000102,7522533,53. 611. 136 MOHAMED HALLY ALVES DO NASCIMENTO,,GO,GOIÂNIA,valuegyn@gmail.com,3,01082569000106,141372,HP MOBILIDADE LTDA.,GOIÂNIA,,,000000000000326021771623197 - 53. 611. 136 MOHAMED HALLY ALVES.xml
NFS-e,NFSe Nacional,52087071250791445000105000000000000526021771575245,5,70002,2026-02-20T08:14:00-03:00,2026-02-20,GOIÂNIA,170301,"Fevereiro - Conforme Lei 12.741/2012, o percentual total de impostos incidentes neste servico prestado e de aproximadamente 6%",114012900,,"Planejamento, coordenação, programação ou organização técnica.",,1.1401.29.00-Serviços de gestão não classificados em subposições anteriores,2,13465.21,2.00,269.30,2.00,2,13465.21,,,,,,,,,,,,,13465.21,13195.91,"Fevereiro - Conforme Lei 12.741/2012, o percentual total de impostos incidentes neste servico prestado e de aproximadamente 6%",50791445000105,6195784,DCN CONSULTORIA LTDA,DC CONSULTORIA,GO,GOIÂNIA,diel.carlos@gmail.com,3,01082569000106,141372,HP MOBILIDADE LTDA,GOIÂNIA,,gcon@gestaosian.com.br,000000000000526021771575245 - DCN CONSULTORIA LTDA.xml
NFS-e,NFSe Nacional,52087071238538341000198000000000000526021771622929,5,00001,2026-02-20T00:00:00-03:00,2026-02-20,GOIÂNIA,170301,"Prestacao de servicos conforme contrato - 1 x 27.385,97 = 27.385,97",114012900,,"Planejamento, coordenação, programação ou organização técnica.",,1.1401.29.00-Serviços de gestão não classificados em subposições anteriores,2,27385.97,2.01,550.46,2.01,2,27385.97,,,,,,,,,,,,,27385.97,26835.51,"Prestacao de servicos conforme contrato - 1 x 27.385,97 = 27.385,97",38538341000198,5179866,FACILITIES SERVICE SOLUTION LTDA,MARIELLA SCANDIUZZI ASSESSORIA E CONSULT,GO,GOIÂNIA,valuegyn@gmail.com,3,01082569000106,141372,HP MOBILIDADE LTDA.,GOIÂNIA,,gcon@gestaosian.com.br,000000000000526021771622929 - FACILITIES SERVICE SOLUTION LTDA.xml
NFS-e,NFSe Nacional,52087071260503230000103000000000000526021771623356,5,00001,2026-02-20T00:00:00-03:00,2026-02-20,GOIÂNIA,170301,"Prestacao de servicos conforme contrato - 1 x 12.980,14 = 12.980,14",114012900,,"Planejamento, coordenação, programação ou organização técnica.",,1.1401.29.00-Serviços de gestão não classificados em subposições anteriores,2,12980.14,2.01,260.90,2.01,2,12980.14,,,,,,,,,,,,,12980.14,12719.24,"Prestacao de servicos conforme contrato - 1 x 12.980,14 = 12.980,14",60503230000103,7021501,VALDINEI A DA COSTA LTDA,VLD ASSESSORIA E SERVICOS,GO,GOIÂNIA,atascont@gmail.com,3,01082569000106,141372,HP MOBILIDADE LTDA.,GOIÂNIA,,gcon@gestaosian.com.br,000000000000526021771623356 - VALDINEI A DA COSTA LTDA.xml
NFS-e,NFSe Nacional,52087071238088014000181000000000000526021771935631,5,70002,2026-02-24T12:20:36-03:00,2026-02-24,GOIÂNIA,170101,"PRESTAÇÃO DE SERVIÇOS CONFORME CONTRATO REFERENTE FEVEREIRO 2026  RETENÇÕES FEDERAIS: PIS/COFINS/CSLL (4,65%) R$ 3.429,00 IR (1,5%) R$ 1.106,13",114011100,,"Assessoria ou consultoria de qualquer natureza, não contida em outros itens desta lista.",,1.1401.11.00-Serviços de consultoria em gestão estratégica,2,73742.00,5.00,3687.10,5.00,2,73742.00,,,,,,,,,,,,,73742.00,65519.77,"PRESTAÇÃO DE SERVIÇOS CONFORME CONTRATO REFERENTE FEVEREIRO 2026  RETENÇÕES FEDERAIS: PIS/COFINS/CSLL (4,65%) R$ 3.429,00 IR (1,5%) R$ 1.106,13",38088014000181,5151058,HS MOBILITY CONSULTING LTDA,HS MOBILITY,GO,GOIÂNIA,hsmobilityconsulting@gmail.com,1,01082569000106,141372,HP MOBILIDADE LTDA,GOIÂNIA,,gcon@gestaosian.com.br,000000000000526021771935631 - HS MOBILITY CONSULTING LTDA.xml
NFS-e,NFSe Nacional,52087071238122691000179000000000000626021771623065,6,00001,2026-02-20T00:00:00-03:00,2026-02-20,GOIÂNIA,170301,"Prestacao de servicos conforme contrato - 1 x 33.092,60 = 33.092,60",114012900,,"Planejamento, coordenação, programação ou organização técnica.",,1.1401.29.00-Serviços de gestão não classificados em subposições anteriores,2,33092.60,2.01,665.16,2.01,2,33092.60,,,,,,,,,,,,,33092.60,32427.44,"Prestacao de servicos conforme contrato - 1 x 33.092,60 = 33.092,60",38122691000179,5153549,MIND7 INOVACAO E INTELIGENCIA COMPETITIVA LTDA,MIND7 INOVACAO,GO,GOIÂNIA,mind7inovacao@gmail.com,3,01082569000106,141372,HP MOBILIDADE LTDA.,GOIÂNIA,,gcon@gestaosian.com.br,000000000000626021771623065 - MIND7 INOVACAO E INTELIGENCIA CO.xml
NFS-e,NFSe Nacional,52087071239491526000157000000000000626021772208134,6,70002,2026-02-27T16:02:12-03:00,2026-02-27,GOIÂNIA,170101,"PRESTAÇÃO DE SERVIÇOS CONFORME CONTRATO REFERENTE AO MES DE FEVEREIRO 2026  RETENÇÕES FEDERAIS: PIS/COFINS/CSLL (4,65%) R$ 2.051,16 IR (1,5%) R$ 661,67",114011100,,"Assessoria ou consultoria de qualquer natureza, não contida em outros itens desta lista.",,1.1401.11.00-Serviços de consultoria em gestão estratégica,2,47968.00,5.00,2398.40,5.00,2,47968.00,,,,,,,,,,,,,47968.00,42619.57,"PRESTAÇÃO DE SERVIÇOS CONFORME CONTRATO REFERENTE AO MES DE FEVEREIRO 2026  RETENÇÕES FEDERAIS: PIS/COFINS/CSLL (4,65%) R$ 2.051,16 IR (1,5%) R$ 661,67",39491526000157,5205859,DIGITAL PEOPLE ESTRATEGIA E INOVACAO LTDA,DIGITAL PEOPLE,GO,GOIÂNIA,digitalpeopleestrategia@gmail.com,1,01082569000106,141372,HP MOBILIDADE LTDA,GOIÂNIA,,gcon@gestaosian.com.br,000000000000626021772208134 - DIGITAL PEOPLE ESTRATEGIA E INOV.xml
NFS-e,NFSe Nacional,52087071239491526000157000000000000826021772208506,8,70002,2026-02-27T16:08:26-03:00,2026-02-27,GOIÂNIA,170101,"PRESTAÇÃO DE SERVIÇOS CONFORME CONTRATO REFERENTE AO MES DE FEVEREIRO 2026  RETENÇÕES FEDERAIS: PIS/COFINS/CSLL (4,65%) R$ 2.230,51 IR (1,5%) R$ 719,52",114011100,,"Assessoria ou consultoria de qualquer natureza, não contida em outros itens desta lista.",,1.1401.11.00-Serviços de consultoria em gestão estratégica,2,47968.00,5.00,2398.40,5.00,2,47968.00,,,,,,,,,,,,,47968.00,42619.57,"PRESTAÇÃO DE SERVIÇOS CONFORME CONTRATO REFERENTE AO MES DE FEVEREIRO 2026  RETENÇÕES FEDERAIS: PIS/COFINS/CSLL (4,65%) R$ 2.230,51 IR (1,5%) R$ 719,52",39491526000157,5205859,DIGITAL PEOPLE ESTRATEGIA E INOVACAO LTDA,DIGITAL PEOPLE,GO,GOIÂNIA,digitalpeopleestrategia@gmail.com,1,01082569000106,141372,HP MOBILIDADE LTDA,GOIÂNIA,,gcon@gestaosian.com.br,000000000000826021772208506 - DIGITAL PEOPLE ESTRATEGIA E INOV.xml
NFS-e,NFSe Nacional,52087071239838497000157000000000000926021771574977,9,70002,2026-02-20T08:09:37-03:00,2026-02-20,GOIÂNIA,170301,Serviços de apoio administrativo ref 02/2026,114012900,,"Planejamento, coordenação, programação ou organização técnica.",,1.1401.29.00-Serviços de gestão não classificados em subposições anteriores,2,12980.14,2.00,259.60,2.00,2,12980.14,,,,,,,,,,,,,12980.14,12720.54,Serviços de apoio administrativo ref 02/2026,39838497000157,5233631,BUSINESS VALUE LTDA,BV CONSULTORIA EMPRESARIAL,GO,GOIÂNIA,businessvalue.one@gmail.com,3,01082569000106,141372,HP MOBILIDADE LTDA,GOIÂNIA,,gcon@gestaosian.com.br,000000000000926021771574977 - BUSINESS VALUE LTDA.xml
NFS-e,NFSe Nacional,52087071229088396000152000000000001326021770828467,13,70002,2026-02-11T16:47:49-03:00,2026-02-11,GOIÂNIA,140101,"Contrato, referente ao mês de Fevereiro de 2026",120018900,,"Lubrificação, limpeza, lustração, revisão, carga e recarga, conserto, restauração, blindagem, manutenção e conservação de máquinas, veículos, aparelhos, equipamentos, motores, elevadores ou de qualquer objeto (exceto peças e partes empregadas, que ficam sujeitas ao ICMS).",,1.2001.89.00-Serviços de manutenção e reparação de outros maquinários e equipamentos não classificados em subposições anteriores,2,3945.00,2.01,79.29,2.01,2,3945.00,,,,,,,,,,,,,3945.00,3865.71,"Contrato, referente ao mês de Fevereiro de 2026",29088396000152,4503244,SOFTTEMP AR CONDICIONADOS LTDA,SOFTTEMP AR CONDICIONADOS,GO,GOIÂNIA,softtemp.atendimento@gmail.com,3,01082569000106,141372,HP MOBILIDADE LTDA,GOIÂNIA,,gcon@gestaosian.com.br,000000000001326021770828467 - SOFTTEMP AR CONDICIONADOS LTDA.xml
NFS-e,NFSe Nacional,52014052248753547000194000000000001326023984793466,13,70000,2026-02-27T20:12:59-03:00,2026-02-27,Goiânia,071102,PRESTAÇÃO DE SERVIÇO CONFORME PEDIDO 049749,,,"Jardinagem, inclusive corte e poda de árvores.",,,1,,,,,1,6000.00,,,,,,,,,,,,,6000.00,6000.00,PRESTAÇÃO DE SERVIÇO CONFORME PEDIDO 049749,48753547000194,,JOSE HERMES GONCALVES 88871061187,,GO,Aparecida de Goiânia,JOSEHERMESHP@GMAIL.COM,2,01082569000106,,HP MOBILIDADE LTDA.,Goiânia,,,000000000001326023984793466 - JOSE HERMES GONCALVES 8887106118.xml
NFS-e,NFSe Nacional,52087071211770819000154000000000001626021770461402,16,70002,2026-02-07T10:50:07-03:00,2026-02-07,GOIÂNIA,170101,Servicos de Consultoria em Gestao Empresarial,114011100,,"Assessoria ou consultoria de qualquer natureza, não contida em outros itens desta lista.",,1.1401.11.00-Serviços de consultoria em gestão estratégica,2,1450.00,5.00,72.50,5.00,2,1450.00,,,,,,,,,,,,,1450.00,1288.32,Servicos de Consultoria em Gestao Empresarial,11770819000154,2794454,VPX SOLUTIONS REPRESENTACAO E CONSULTORIA LTDA,VPX SOLUTIONS,GO,GOIÂNIA,vhp@vpx.inf.br,1,01082569000106,141372,HP MOBILIDADE LTDA,GOIÂNIA,,gcon@gestaosian.com.br,000000000001626021770461402 - VPX SOLUTIONS REPRESENTACAO E CO.xml
NFS-e,CompNFe,52087071217735661000168000000000001626021770719340,16,70002,2026-02-10T10:29:04,2026-02-10,GOIANIA,,,,171701,Análise de Organização e Métodos,17.17,118069000,1,16500.00,4.2300,697.95,,,16500.00,0,0,0,16500.00,0,16500.00,0,,,,,,16500.00,15802.05,"ELABORACAO DE DOCUMENTO TECNICO - ANALISE ERGONOMICA DO TRABALHO (NR-17), RELATORIO PARA APOIO ADMINISTRATIVO-LEGAL AO GRO/PGR DA CONTRATANTE.  PEDIDO DE COMPRA: 047716",17735661000168,,MULTISERVICOS INTEGRADOS LTDA,,,GOIANIA,,1,01082569000106,141372,H P TRANSPORTES COLETIVOS LTDA,GOIANIA,GO,,000000000001626021770719340 - MULTISERVICOS INTEGRADOS LTDA.xml
NFS-e,NFSe Nacional,52145072243615292000180000000000001626034048925457,16,70000,2026-03-05T14:14:20-03:00,2026-03-05,Nerópolis,170301,ELABORAÇÃO DE PROJETO DE PREVENÇÃO E COMBATE A INCENDIO,,,"Planejamento, coordenação, programação ou organização técnica.",,,1,,,,,1,6000.00,,,,,,,,,,,,,6000.00,6000.00,ELABORAÇÃO DE PROJETO DE PREVENÇÃO E COMBATE A INCENDIO,43615292000180,,PROJETT ENGENHARIA E SERVICOS LTDA,,GO,Nerópolis,PROJETTENGENHARIA@OUTLOOK.COM,3,01082569000106,,HP MOBILIDADE LTDA.,Nerópolis,,,000000000001626034048925457 - PROJETT ENGENHARIA E SERVICOS LT.xml
NFS-e,NFSe Nacional,52087071222908619000131000000000002626021770740488,26,70002,2026-02-10T16:21:25-03:00,2026-02-10,GOIÂNIA,070101,SERVIÇO DE ARQUITETURA REFERENTE AO ADMINISTRATIVO PARCELA 2 DE 2 pix:  pixarchbr.itau@gmail.com,114021300,,Engenharia e congêneres.,,1.1402.13.00-Serviços de arquitetura para projetos de construções não residenciais,2,2500.00,2.01,50.25,2.01,2,2500.00,,,,,,,,,,,,,2500.00,2449.75,SERVIÇO DE ARQUITETURA REFERENTE AO ADMINISTRATIVO PARCELA 2 DE 2 pix:  pixarchbr.itau@gmail.com,22908619000131,4058690,RUBER PAULO ARQUITETURA E URBANISMO LTDA,ARCHBR,GO,GOIÂNIA,arquitetoruberpaulo@gmail.com,3,01082569000106,141372,HP MOBILIDADE LTDA,GOIÂNIA,,leonardo.medrado@hpmobilidade.com.br,000000000002626021770740488 - RUBER PAULO ARQUITETURA E URBANI.xml
NFS-e,NFSe Nacional,52087071222908619000131000000000002726021770740570,27,70002,2026-02-10T16:22:53-03:00,2026-02-10,GOIÂNIA,070101,SERVIÇO DE ARQUITETURA REFERENTE AOS VESTIÁRIOS PARCELA 2 DE 2 pix:  pixarchbr.itau@gmail.com,114021300,,Engenharia e congêneres.,,1.1402.13.00-Serviços de arquitetura para projetos de construções não residenciais,2,3000.00,2.01,60.30,2.01,2,3000.00,,,,,,,,,,,,,3000.00,2939.70,SERVIÇO DE ARQUITETURA REFERENTE AOS VESTIÁRIOS PARCELA 2 DE 2 pix:  pixarchbr.itau@gmail.com,22908619000131,4058690,RUBER PAULO ARQUITETURA E URBANISMO LTDA,ARCHBR,GO,GOIÂNIA,arquitetoruberpaulo@gmail.com,3,01082569000106,141372,HP MOBILIDADE LTDA,GOIÂNIA,,leonardo.medrado@hpmobilidade.com.br,000000000002726021770740570 - RUBER PAULO ARQUITETURA E URBANI.xml
NFS-e,NFSe Nacional,52087071222908619000131000000000002826021770740612,28,70002,2026-02-10T16:23:36-03:00,2026-02-10,GOIÂNIA,070101,SERVIÇO DE ARQUITETURA REFERENTE À COPA PARCELA 2 DE 2 pix:  pixarchbr.itau@gmail.com,114021300,,Engenharia e congêneres.,,1.1402.13.00-Serviços de arquitetura para projetos de construções não residenciais,2,2500.00,2.01,50.25,2.01,2,2500.00,,,,,,,,,,,,,2500.00,2449.75,SERVIÇO DE ARQUITETURA REFERENTE À COPA PARCELA 2 DE 2 pix:  pixarchbr.itau@gmail.com,22908619000131,4058690,RUBER PAULO ARQUITETURA E URBANISMO LTDA,ARCHBR,GO,GOIÂNIA,arquitetoruberpaulo@gmail.com,3,01082569000106,141372,HP MOBILIDADE LTDA,GOIÂNIA,,leonardo.medrado@hpmobilidade.com.br,000000000002826021770740612 - RUBER PAULO ARQUITETURA E URBANI.xml
NFS-e,NFSe Nacional,52087071222908619000131000000000002926021770740659,29,70002,2026-02-10T16:24:15-03:00,2026-02-10,GOIÂNIA,070101,SERVIÇO DE ARQUITETURA REFERENTE À SALA DIRETORIA MAAS PARCELA 2 DE 2 pix:  pixarchbr.itau@gmail.com,114021300,,Engenharia e congêneres.,,1.1402.13.00-Serviços de arquitetura para projetos de construções não residenciais,2,2750.00,2.01,55.28,2.01,2,2750.00,,,,,,,,,,,,,2750.00,2694.72,SERVIÇO DE ARQUITETURA REFERENTE À SALA DIRETORIA MAAS PARCELA 2 DE 2 pix:  pixarchbr.itau@gmail.com,22908619000131,4058690,RUBER PAULO ARQUITETURA E URBANISMO LTDA,ARCHBR,GO,GOIÂNIA,arquitetoruberpaulo@gmail.com,3,01082569000106,141372,HP MOBILIDADE LTDA,GOIÂNIA,,leonardo.medrado@hpmobilidade.com.br,000000000002926021770740659 - RUBER PAULO ARQUITETURA E URBANI.xml
NFS-e,NFSe Nacional,52087071207069279000109000000000003426021772011104,34,70002,2026-02-25T09:18:28-03:00,2026-02-25,GOIÂNIA,130401,41 Impressoes color tamanho A4 41 Plastificaçao tamanho A4 Pedido de Compras 049056 /1,118065100,,"Reprografia, microfilmagem e digitalização.",,1.1806.51.00-Serviços de fotocópias e outros serviços de reprodução de documentos,2,328.00,2.00,6.56,2.00,2,328.00,,,,,,,,,,,,,328.00,321.44,41 Impressoes color tamanho A4 41 Plastificaçao tamanho A4 Pedido de Compras 049056 /1,07069279000109,2144247,STYLUS COPIADORA LTDA,STYLUS COPIADORA,GO,GOIÂNIA,styluscopiadora@gmail.com,3,01082569000106,141372,HP MOBILIDADE LTDA,GOIÂNIA,,gcon@gestaosian.com.br,000000000003426021772011104 - STYLUS COPIADORA LTDA.xml
NFS-e,NFSe Nacional,52087072222681966000174000000000005126032796740240,51,70000,2026-03-02T15:36:47-03:00,2026-03-02,Goiânia,150603,Prestação de serviços conforme contrato,,,"Coleta e entrega de documentos, bens e valores.",,,1,,,,,1,4824.82,,,,,,,,,,,,,4824.82,4824.82,Prestação de serviços conforme contrato,22681966000174,,22.681.966 LEVY DE FARIA FILHO,,GO,Goiânia,FARIALEVY3@GMAIL.COM,2,01082569000106,,HP MOBILIDADE LTDA.,Goiânia,,,000000000005126032796740240 - 22.681.966 LEVY DE FARIA FILHO.xml
NFS-e,NFSe Nacional,52087071245998241000100000000000007126021770625618,71,70002,2026-02-09T08:26:52-03:00,2026-02-09,GOIÂNIA,140101,01-soldas interecooler pedido-47657,120013110,,"Lubrificação, limpeza, lustração, revisão, carga e recarga, conserto, restauração, blindagem, manutenção e conservação de máquinas, veículos, aparelhos, equipamentos, motores, elevadores ou de qualquer objeto (exceto peças e partes empregadas, que ficam sujeitas ao ICMS).",,1.2001.31.10-Serviços de manutenção e reparação de veículos rodoviários motorizados,2,250.00,5.00,12.50,5.00,2,250.00,,,,,,,,,,,,,250.00,237.50,01-soldas interecooler pedido-47657,45998241000100,5690188,TC RADIADORES E COMERCIO DE PECAS LTDA,UNIVERSO RADIADORES,GO,GOIÂNIA,universoradiadores@hotmail.com,1,01082569000106,141372,HP MOBILIDADE LTDA,GOIÂNIA,,gcon@gestaosian.com.br,000000000007126021770625618 - TC RADIADORES E COMERCIO DE PECA.xml
NFS-e,NFSe Nacional,52087071228606224000160000000000007126021771603140,71,70002,2026-02-20T15:59:07-03:00,2026-02-20,GOIÂNIA,140101,"01 SERVICO DE MOLA Valor Unit.: 27.000,00 Valor Total: 27.000,00",120013110,,"Lubrificação, limpeza, lustração, revisão, carga e recarga, conserto, restauração, blindagem, manutenção e conservação de máquinas, veículos, aparelhos, equipamentos, motores, elevadores ou de qualquer objeto (exceto peças e partes empregadas, que ficam sujeitas ao ICMS).",,1.2001.31.10-Serviços de manutenção e reparação de veículos rodoviários motorizados,2,27000.00,3.29,888.30,3.29,2,27000.00,,,,,,,,,,,,,27000.00,26111.70,"01 SERVICO DE MOLA Valor Unit.: 27.000,00 Valor Total: 27.000,00",28606224000160,4479238,CERRADO COMERCIO DE PECAS E SERVICOS LTDA,CERRADO SUPER TRUCKS,GO,GOIÂNIA,contato@foccocontabilidades.com.br,3,01082569000106,141372,HP MOBILIDADE LTDA,GOIÂNIA,,gcon@gestaosian.com.br,000000000007126021771603140 - CERRADO COMERCIO DE PECAS E SERV.xml
NFS-e,NFSe Nacional,52087071204554525000120000000000009926021770626477,99,70002,2026-02-09T08:41:19-03:00,2026-02-09,GOIÂNIA,130501,"02 un. adesivos (Aparecida laranja lateral 2,0 x 0,40m) 02 un. adesivos (Logo RMTC colorido 3 cores) 03 un. adesivos (Aparecida laranja traseira 1,0 x 0,20m) 01 un. confecção corte eletrônico em acríl",121012100,,"Composição gráfica, inclusive confecção de impressos gráficos, fotocomposição, clicheria, zincografia, litografia e fotolitografia, exceto se destinados a posterior operação de comercialização ou industrialização, ainda que incorporados, de qualquer forma, a outra mercadoria que deva ser objeto de posterior circulação, tais como bulas, rótulos, etiquetas, caixas, cartuchos, embalagens e manuais técnicos e de instrução, quando ficarão sujeitos ao ICMS.",,1.2101.21.00-Serviços de impressão,2,1460.00,2.51,36.65,2.51,2,1460.00,,,,,,,,,,,,,1460.00,1423.35,"02 un. adesivos (Aparecida laranja lateral 2,0 x 0,40m) 02 un. adesivos (Logo RMTC colorido 3 cores) 03 un. adesivos (Aparecida laranja traseira 1,0 x 0,20m) 01 un. confecção corte eletrônico em acríl",04554525000120,1935313,DIVULG LETREIROS LTDA,,GO,GOIÂNIA,divulgdigital@gmail.com,3,01082569000106,141372,HP MOBILIDADE LTDA,GOIÂNIA,,gcon@gestaosian.com.br,000000000009926021770626477 - DIVULG LETREIROS LTDA.xml
NFS-e,NFSe Nacional,52087071203394715000164000000000011126021771928223,111,70002,2026-02-24T10:17:03-03:00,2026-02-24,GOIÂNIA,140101,"SERVIÇO MANUTENÇÃO MANGUEIRA  PRED. REPARO....1.500,00",120015000,,"Lubrificação, limpeza, lustração, revisão, carga e recarga, conserto, restauração, blindagem, manutenção e conservação de máquinas, veículos, aparelhos, equipamentos, motores, elevadores ou de qualquer objeto (exceto peças e partes empregadas, que ficam sujeitas ao ICMS).",,1.2001.50.00-Serviços de manutenção e reparação de maquinários e equipamentos de uso industrial,2,1500.00,2.79,41.85,2.79,2,1500.00,,,,,,,,,,,,,1500.00,1458.15,"SERVIÇO MANUTENÇÃO MANGUEIRA  PRED. REPARO....1.500,00",03394715000164,621846,HIDRAUMAQ HIDRAULICOS E MAQUINAS LTDA,,GO,GOIÂNIA,liones@cultura.com.br,3,01082569000106,141372,HP MOBILIDADE LTDA,GOIÂNIA,,gcon@gestaosian.com.br,000000000011126021771928223 - HIDRAUMAQ HIDRAULICOS E MAQUINAS.xml
NFS-e,NFSe Nacional,52087071204554525000120000000000011626021772035254,116,70002,2026-02-25T16:00:59-03:00,2026-02-25,GOIÂNIA,130501,140 un. confecção de placas em PVC (Placas de sinalização extintores prediais) 01 a 90 / 01 a 50.,121012100,,"Composição gráfica, inclusive confecção de impressos gráficos, fotocomposição, clicheria, zincografia, litografia e fotolitografia, exceto se destinados a posterior operação de comercialização ou industrialização, ainda que incorporados, de qualquer forma, a outra mercadoria que deva ser objeto de posterior circulação, tais como bulas, rótulos, etiquetas, caixas, cartuchos, embalagens e manuais técnicos e de instrução, quando ficarão sujeitos ao ICMS.",,1.2101.21.00-Serviços de impressão,2,480.00,2.51,12.05,2.51,2,480.00,,,,,,,,,,,,,480.00,467.95,140 un. confecção de placas em PVC (Placas de sinalização extintores prediais) 01 a 90 / 01 a 50.,04554525000120,1935313,DIVULG LETREIROS LTDA,,GO,GOIÂNIA,divulgdigital@gmail.com,3,01082569000106,141372,HP MOBILIDADE LTDA,GOIÂNIA,,gcon@gestaosian.com.br,000000000011626021772035254 - DIVULG LETREIROS LTDA.xml
NFS-e,CompNFe,52087072237534106000185000000000011626039494416422,116,70000,2026-03-04T16:58:13,2026-03-03,GOIANIA,,,,060101,"Barbearia, cabeleireiros, manicuros, pedicuros e congêneres",06.01,,0,1300.00,0,0,,,1300.00,0,0,0,1300.00,0,1300.00,0,,,,,,1300.00,1300.00,Curso de maquiagem com Keythe Kashielle,37534106000185,,37.534.106 THIAGO DA SILVA BRASILEIRO,,,GOIANIA,,1,01082569000106,141372,H P TRANSPORTES COLETIVOS LTDA,GOIANIA,GO,,000000000011626039494416422 - 37.534.106 THIAGO DA SILVA BRASI.xml
NFS-e,NFSe Nacional,52087071233311382000123000000000012626021770804500,126,00001,2026-02-11T00:00:00-03:00,2026-02-11,GOIÂNIA,240101,"SERVICO DE CHAVEIRO 1 X 1.304,00 = 1.304,00 &lt;br /&gt; observacao: PEDIDO: 047724/1&lt;br /&gt;",126060000,,"Serviços de chaveiros, confecção de carimbos e congêneres.",,1.2606.00.00-Serviços pessoais não classificados em posições anteriores,2,1304.00,2.00,26.08,2.00,2,1304.00,,,,,,,,,,,,,1304.00,1277.92,"SERVICO DE CHAVEIRO 1 X 1.304,00 = 1.304,00 &lt;br /&gt; observacao: PEDIDO: 047724/1&lt;br /&gt;",33311382000123,823171,ABC CARIMBOS E CHAVEIROS LTDA,ABC CARIMBOS E CHAVEIROS,GO,GOIÂNIA,abccarimbos@gmail.com,3,01082569000106,141372,HP MOBILIDADE LTDA.,GOIÂNIA,,abcchavecarimbo@hotmail.com,000000000012626021770804500 - ABC CARIMBOS E CHAVEIROS LTDA.xml
NFS-e,NFSe Nacional,52087071204453164000125000000000017826021770720180,178,70002,2026-02-10T10:43:06-03:00,2026-02-10,GOIÂNIA,171401,"HONORARIOS ADVOCATICIOS, CONFORME CONTRATO DE PRESTACAO DE SEVICOS N 023/860-GO.",113019000,,Advocacia,,1.1301.90.00-Serviços jurídicos não classificados em subposições anteriores,1,10350.00,,,,1,10350.00,,,,,,,,,,,,,10350.00,9713.48,"HONORARIOS ADVOCATICIOS, CONFORME CONTRATO DE PRESTACAO DE SEVICOS N 023/860-GO.",04453164000125,1787918,CARRARO ADVOGADOS ASSOCIADOS,CARRARO ADVOGADOS ASSOCIADOS,GO,GOIÂNIA,paralegal@contalnet.com.br,1,01082569000106,141372,HP MOBILIDADE LTDA,GOIÂNIA,,gcon@gestaosian.com.br,000000000017826021770720180 - CARRARO ADVOGADOS ASSOCIADOS.xml
NFS-e,CompNFe,52087071204453164000125000000000018026021770804760,180,70002,2026-02-11T10:12:45,2026-02-11,GOIANIA,,,,171401,Advocacia,17.14,113019000,0,341.31,0,0,,,341.31,2.21,10.23,3.41,341.31,0,341.31,0,,,,,,341.31,325.46,"HONORARIOS ADVOCATICIOS, REFERENTE A COBRANCA ADMINISTRATIVA.",04453164000125,,CARRARO ADVOGADOS ASSOCIADOS,,,GOIANIA,,0,01082569000106,141372,H P TRANSPORTES COLETIVOS LTDA,GOIANIA,GO,,000000000018026021770804760 - CARRARO ADVOGADOS ASSOCIADOS.xml
NFS-e,NFSe Nacional,52087071261514688000112000000000018026021771841412,180,00001,2026-02-23T00:00:00-03:00,2026-02-23,GOIÂNIA,140201,43-MANUTENCAO EM CATRACA COM CONTRATO &lt;br /&gt; &lt;br /&gt;OUTRAS INFORMACOES&lt;br /&gt;SERVICO DE MANUTENCAO EM 350 CATRACAS ELETROMECANICAS DE 01 A 28 DE FEVEREIRO DE 2026. PAGAMENTO ATRAVES DE,120012000,,Assistência técnica.,,1.2001.20.00-Serviços de manutenção e reparação de computadores e seus periféricos e de maquinário para escritório,2,8156.57,2.65,216.15,2.65,2,8156.57,,,,,,,,,,,,,8156.57,7940.42,43-MANUTENCAO EM CATRACA COM CONTRATO &lt;br /&gt; &lt;br /&gt;OUTRAS INFORMACOES&lt;br /&gt;SERVICO DE MANUTENCAO EM 350 CATRACAS ELETROMECANICAS DE 01 A 28 DE FEVEREIRO DE 2026. PAGAMENTO ATRAVES DE,61514688000112,7159366,DISPLAY SERVICE LTDA,DISPLAY SERVICE,GO,GOIÂNIA,service@displaypaineis.com.br,3,01082569000106,141372,HP TRANSPORTES COLETIVOS LTDA.,GOIÂNIA,,breyner.teodoro@hptransportes.com.br,000000000018026021771841412 - DISPLAY SERVICE LTDA.xml
NFS-e,NFSe Nacional,52087071204453164000125000000000018126021770806228,181,70002,2026-02-11T10:37:04-03:00,2026-02-11,GOIÂNIA,171401,"HONORARIOS ADVOCATICIOS, REFERENTE A COBRANCA ADMINISTRATIVA.",113019000,,Advocacia,,1.1301.90.00-Serviços jurídicos não classificados em subposições anteriores,1,548.31,,,,1,548.31,,,,,,,,,,,,,548.31,522.83,"HONORARIOS ADVOCATICIOS, REFERENTE A COBRANCA ADMINISTRATIVA.",04453164000125,1787918,CARRARO ADVOGADOS ASSOCIADOS,CARRARO ADVOGADOS ASSOCIADOS,GO,GOIÂNIA,paralegal@contalnet.com.br,1,01082569000106,141372,HP MOBILIDADE LTDA,GOIÂNIA,,gcon@gestaosian.com.br,000000000018126021770806228 - CARRARO ADVOGADOS ASSOCIADOS.xml
NFS-e,NFSe Nacional,52087071253136927000110000000000019526021770828115,195,00001,2026-02-11T00:00:00-03:00,2026-02-11,GOIÂNIA,140301,"* REMANUFATURAMENTO VALVULA APU DELYVERI (CARRO 20783 ORDEM 38300) Qtd: 1,00 Unit: 690,00 Desc: 0,00 Total: 690,00",120013110,,"Recondicionamento de motores (exceto peças e partes empregadas, que ficam sujeitas ao ICMS).",,1.2001.31.10-Serviços de manutenção e reparação de veículos rodoviários motorizados,2,690.00,3.75,25.88,3.75,2,690.00,,,,,,,,,,,,,690.00,664.12,"* REMANUFATURAMENTO VALVULA APU DELYVERI (CARRO 20783 ORDEM 38300) Qtd: 1,00 Unit: 690,00 Desc: 0,00 Total: 690,00",53136927000110,6429025,53136927 ROBERTA XAVIER SANTOS,,GO,GOIÂNIA,costa.e.lima@hotmail.com,3,01082569000106,141372,HP MOBILIDADE LTDA.,GOIÂNIA,,compras@gestaosian.com.br,000000000019526021770828115 - 53136927 ROBERTA XAVIER SANTOS.xml
NFS-e,NFSe Nacional,52087071253136927000110000000000022226021772191280,222,00001,2026-02-27T00:00:00-03:00,2026-02-27,GOIÂNIA,140301,"* REMANUFATURAMENTO DE CATRACA PARCIAL Qtd: 1,00 Unit: 79,56 Desc: 0,00 Total: 79,56",120013110,,"Recondicionamento de motores (exceto peças e partes empregadas, que ficam sujeitas ao ICMS).",,1.2001.31.10-Serviços de manutenção e reparação de veículos rodoviários motorizados,2,79.56,3.75,2.98,3.75,2,79.56,,,,,,,,,,,,,79.56,76.58,"* REMANUFATURAMENTO DE CATRACA PARCIAL Qtd: 1,00 Unit: 79,56 Desc: 0,00 Total: 79,56",53136927000110,6429025,53136927 ROBERTA XAVIER SANTOS,,GO,GOIÂNIA,costa.e.lima@hotmail.com,3,01082569000106,141372,HP MOBILIDADE LTDA.,GOIÂNIA,,compras@gestaosian.com.br,000000000022226021772191280 - 53136927 ROBERTA XAVIER SANTOS.xml
NFS-e,NFSe Nacional,52087071241236473000170000000000022926021771583130,229,70002,2026-02-20T10:25:32-03:00,2026-02-20,GOIÂNIA,141401,SERVICO MANUTENCAO TACOGRAFO FROTAS: 20025 - 20521,106044000,,Guincho intramunicipal.,,1.0604.40.00-Serviços de reboque para veículos particulares e comerciais,2,300.00,2.00,6.00,2.00,2,300.00,,,,,,,,,,,,,300.00,294.00,SERVICO MANUTENCAO TACOGRAFO FROTAS: 20025 - 20521,41236473000170,5323819,PRIMO AUTO SOCORRO LTDA,PRIMO AUTO SOCORRO,GO,GOIÂNIA,primoautosocorro1@gmail.com,3,01082569000106,141372,HP MOBILIDADE LTDA,GOIÂNIA,,gcon@gestaosian.com.br,000000000022926021771583130 - PRIMO AUTO SOCORRO LTDA.xml
NFS-e,NFSe Nacional,52087071241236473000170000000000023126021771604891,231,70002,2026-02-20T16:28:15-03:00,2026-02-20,GOIÂNIA,141401,SERVICO GUINCHO FROTAS 20786 BRT 20061 20046 20593 20808 ELETRICO 20808 ELETRICO,106044000,,Guincho intramunicipal.,,1.0604.40.00-Serviços de reboque para veículos particulares e comerciais,2,4020.00,2.00,80.40,2.00,2,4020.00,,,,,,,,,,,,,4020.00,3939.60,SERVICO GUINCHO FROTAS 20786 BRT 20061 20046 20593 20808 ELETRICO 20808 ELETRICO,41236473000170,5323819,PRIMO AUTO SOCORRO LTDA,PRIMO AUTO SOCORRO,GO,GOIÂNIA,primoautosocorro1@gmail.com,3,01082569000106,141372,HP MOBILIDADE LTDA,GOIÂNIA,,gcon@gestaosian.com.br,000000000023126021771604891 - PRIMO AUTO SOCORRO LTDA.xml
NFS-e,NFSe Nacional,52087071241236473000170000000000024126021772100156,241,70002,2026-02-26T10:02:32-03:00,2026-02-26,GOIÂNIA,140101,SERVICO MANUTENCAO TACOGRAFO - FROTA 20033,120029000,,"Lubrificação, limpeza, lustração, revisão, carga e recarga, conserto, restauração, blindagem, manutenção e conservação de máquinas, veículos, aparelhos, equipamentos, motores, elevadores ou de qualquer objeto (exceto peças e partes empregadas, que ficam sujeitas ao ICMS).",,1.2002.90.00-Serviços de manutenção e reparação de outros bens de consumo não classificados em subposições anteriores,2,150.00,2.00,3.00,2.00,2,150.00,,,,,,,,,,,,,150.00,147.00,SERVICO MANUTENCAO TACOGRAFO - FROTA 20033,41236473000170,5323819,PRIMO AUTO SOCORRO LTDA,PRIMO AUTO SOCORRO,GO,GOIÂNIA,primoautosocorro1@gmail.com,3,01082569000106,141372,HP MOBILIDADE LTDA,GOIÂNIA,,gcon@gestaosian.com.br,000000000024126021772100156 - PRIMO AUTO SOCORRO LTDA.xml
NFS-e,NFSe Nacional,35167052224174247000192000000000027126035588269620,271,900,2026-03-05T08:41:48-03:00,2026-03-05,Garça,010301,"ACESSO BASICO 10/1440 Afiralink DUO ( XaaS) - Monitoramento de poco R$200,00",115090000,,"Processamento de dados, textos, imagens, vídeos, páginas eletrônicas, aplicativos e sistemas de informação, entre outros formatos, e congêneres.",,Serviços de processamento de dados,1,,,,,1,200.00,,,,,,,,,,,,,200.00,200.00,"ACESSO BASICO 10/1440 Afiralink DUO ( XaaS) - Monitoramento de poco R$200,00",24174247000192,,AFIRA TECNOLOGIA LTDA,,SP,Garça,FER.OLIVEIRA@UOL.COM.BR,3,01082569000106,,H P TRANSPORTES COLETIVOS LTDA,Garça,,contratos@hptransportes.com.br,000000000027126035588269620 - AFIRA TECNOLOGIA LTDA.xml
NFS-e,NFSe Nacional,52014051246636689000146000000000029926021771939675,299,70007,2026-02-24T13:27:53-03:00,2026-02-24,GOIÂNIA,070201,Pedido: 48410  PINTURA EPOXI  DADOS BANCÁRIOS: Banco SICOOB Agencia: 3299 Conta Corrente: 27.489-5 CNPJ: 46.636.689/0001-46 Razão Social: Pox Pisos Revestimentos Industriais Ltda. PIX (CNPJ): 46.636.6,101073000,,"Execução, por administração, de obras de construção civil, hidráulica ou elétrica e de outras obras semelhantes, inclusive sondagem, perfuração de poços, escavação, drenagem e irrigação, terraplanagem, pavimentação, concretagem e a instalação e montagem de produtos, peças e equipamentos (exceto o fornecimento de mercadorias produzidas pelo prestador de serviços fora do local da prestação dos serviços, que fica sujeito ao ICMS).",,1.0107.30.00-Serviços de pintura,1,6300.00,2.01,126.63,2.01,1,6300.00,,,,,,,,,,,,,6300.00,6079.50,Pedido: 48410  PINTURA EPOXI  DADOS BANCÁRIOS: Banco SICOOB Agencia: 3299 Conta Corrente: 27.489-5 CNPJ: 46.636.689/0001-46 Razão Social: Pox Pisos Revestimentos Industriais Ltda. PIX (CNPJ): 46.636.6,46636689000146,14414076,POX PISOS REVESTIMENTOS INDUSTRIAIS LTDA,POX PISOS,GO,APARECIDA DE GOIÂNIA,comercial@poxpiso.com.br,3,01082569000106,,HP TRANSPORTES COLETIVOS LTDA,GOIÂNIA,,carla.silva@gestaosian.com,000000000029926021771939675 - POX PISOS REVESTIMENTOS INDUSTRI.xml
NFS-e,NFSe Nacional,52204541250558935000166000000000034626029112578006,346,00002,2026-02-02T08:36:34-03:00,2026-02-02,GOIANIA,140201,MÃO DE OBRA ESPECIALIZADA PARA ATENDIMENTO TECNICO EM CONTRATO DE MANUTENÇÃO REFERENTE AO MÊS DE FEVEREIRO/26.,,,Assistência técnica.,,,1,472.00,2.26,10.67,,1,472.00,,,,,,,,,,,,,472.00,472.00,MÃO DE OBRA ESPECIALIZADA PARA ATENDIMENTO TECNICO EM CONTRATO DE MANUTENÇÃO REFERENTE AO MÊS DE FEVEREIRO/26.,50558935000166,030012230,SIDNEY DA SILVA LIMA,SIDCOMTELECOM,GO,SENADOR CANEDO,,3,01082569000106,,H p Transportes Coletivos LTDA,GOIANIA,,,000000000034626029112578006 - SIDNEY DA SILVA LIMA.xml
NFS-e,NFSe Nacional,52204541250558935000166000000000038126031478621244,381,00002,2026-03-02T11:11:03-03:00,2026-03-02,GOIANIA,140201,MÃO DE OBRA ESPECIALIZADA PARA ATENDIMENTO TECNICO EM CONTRATO DLE MANUTENÇÃO REFERENTE AO MÊS DE MARÇO/26,120017000,,Assistência técnica.,,Serviços de manutenção e reparação de equipamentos e aparelhos de telecomunicações,1,472.00,2.26,10.67,,1,472.00,,,,,,,,,,,,,472.00,472.00,MÃO DE OBRA ESPECIALIZADA PARA ATENDIMENTO TECNICO EM CONTRATO DLE MANUTENÇÃO REFERENTE AO MÊS DE MARÇO/26,50558935000166,030012230,SIDNEY DA SILVA LIMA,SIDCOMTELECOM,GO,SENADOR CANEDO,,3,01082569000106,,H p Transportes Coletivos LTDA,GOIANIA,,,000000000038126031478621244 - SIDNEY DA SILVA LIMA.xml
NFS-e,NFSe Nacional,52087071216726508000101000000000041826021771861835,418,00001,2026-02-23T00:00:00-03:00,2026-02-23,GOIÂNIA,130501,"2PC PLACA DE POLICARBONATO ADESIVADA COM FACA APROVEITANDO ESTRUTURA EXISTENTE R$ 648,00;",121011000,,"Composição gráfica, inclusive confecção de impressos gráficos, fotocomposição, clicheria, zincografia, litografia e fotolitografia, exceto se destinados a posterior operação de comercialização ou industrialização, ainda que incorporados, de qualquer forma, a outra mercadoria que deva ser objeto de posterior circulação, tais como bulas, rótulos, etiquetas, caixas, cartuchos, embalagens e manuais técnicos e de instrução, quando ficarão sujeitos ao ICMS.",,1.2101.10.00-Serviços de editoração,2,648.00,4.90,31.75,4.90,2,648.00,,,,,,,,,,,,,648.00,616.25,"2PC PLACA DE POLICARBONATO ADESIVADA COM FACA APROVEITANDO ESTRUTURA EXISTENTE R$ 648,00;",16726508000101,3356639,JOY DIGITAL COMUNICACAO VISUAL LTDA,JOY,GO,GOIÂNIA,atendimento@joydigital.com.br,3,01082569000106,141372,HP MOBILIDADE LTDA.,GOIÂNIA,,,000000000041826021771861835 - JOY DIGITAL COMUNICACAO VISUAL L.xml
NFS-e,NFSe Nacional,52087071237037090000103000000000045126021770629081,451,00001,2026-02-09T00:00:00-03:00,2026-02-09,GOIÂNIA,140101,"* MAO DE OBRA SETOR DIRECAO Qtd: 1,00 Unit: 300,00 Desc: 0,00 Total: 300,00\n* SERVICO DE BALANCEAMENTO Qtd: 1,00 Unit: 250,00 Desc: 0,00 Total: 250,00",120011000,,"Lubrificação, limpeza, lustração, revisão, carga e recarga, conserto, restauração, blindagem, manutenção e conservação de máquinas, veículos, aparelhos, equipamentos, motores, elevadores ou de qualquer objeto (exceto peças e partes empregadas, que ficam sujeitas ao ICMS).",,"1.2001.10.00-Serviços de manutenção e reparação de produtos metálicos, exceto maquinários e equipamentos",2,550.00,5.00,27.50,5.00,2,550.00,,,,,,,,,,,,,550.00,522.50,"* MAO DE OBRA SETOR DIRECAO Qtd: 1,00 Unit: 300,00 Desc: 0,00 Total: 300,00\n* SERVICO DE BALANCEAMENTO Qtd: 1,00 Unit: 250,00 Desc: 0,00 Total: 250,00",37037090000103,833088,ELETROTURBO ELETRICA E TURBINA EIRELI - EPP,ELETROTURBO,GO,GOIÂNIA,paralegal@grupomgbr.com,1,01082569000106,141372,HP TRANSPORTES COLETIVOS LTDA,GOIÂNIA,,financeiro@hptransportes.com.br,000000000045126021770629081 - ELETROTURBO ELETRICA E TURBINA E.xml
NFS-e,NFSe Nacional,52014051236037865000170000000000045326021771927495,453,70007,2026-02-24T10:04:59-03:00,2026-02-24,APARECIDA DE GOIÂNIA,170901,"Inspeção técnica e laudo NR-12 de maquinas e equipamentos SERVIÇOS DE ENGENHARIA - PERICIA, LAUDOS E EXAMES E ANALISE TECNICA REFERENTE AO MES DE JANEIRO.",114044300,,"Perícias, laudos, exames técnicos e análises técnicas.",,1.1404.43.00-Serviços de análise e de exames técnicos de sistemas elétricos e mecânicos,1,2800.00,4.06,113.68,4.06,1,2800.00,,,,,,,,,,,,,2800.00,2800.00,"Inspeção técnica e laudo NR-12 de maquinas e equipamentos SERVIÇOS DE ENGENHARIA - PERICIA, LAUDOS E EXAMES E ANALISE TECNICA REFERENTE AO MES DE JANEIRO.",36037865000170,14325683,JSANTOS ENGENHARIA PROJETOS E INSTALACOES LTDA,JSANTOS ENGENHARIA,GO,APARECIDA DE GOIÂNIA,contabilidade@masterbusiness.cnt.br,3,01082569000106,,HP MOBILIDADE LTDA,APARECIDA DE GOIÂNIA,,bruna.morais@hpmobilidade.com.br,000000000045326021771927495 - JSANTOS ENGENHARIA PROJETOS E IN.xml
NFS-e,NFSe Nacional,52087071201260724000137000000000053426021770634332,534,00001,2026-02-09T00:00:00-03:00,2026-02-09,GOIÂNIA,130501,"Servico 1 - Tag Balinha Riscos ocupacionais, 7x7cm, papel offset 90g, 4/0 cores QTD: 600 UN Valor Unit: 0.29 Valor Total: 175 &#13; &#13;  Ordens de servicos: 4072&#13; NUMERO DO PEDIDO 047362 /1&#13;",121012100,,"Composição gráfica, inclusive confecção de impressos gráficos, fotocomposição, clicheria, zincografia, litografia e fotolitografia, exceto se destinados a posterior operação de comercialização ou industrialização, ainda que incorporados, de qualquer forma, a outra mercadoria que deva ser objeto de posterior circulação, tais como bulas, rótulos, etiquetas, caixas, cartuchos, embalagens e manuais técnicos e de instrução, quando ficarão sujeitos ao ICMS.",,1.2101.21.00-Serviços de impressão,2,175.00,3.86,6.76,3.86,2,175.00,,,,,,,,,,,,,175.00,168.24,"Servico 1 - Tag Balinha Riscos ocupacionais, 7x7cm, papel offset 90g, 4/0 cores QTD: 600 UN Valor Unit: 0.29 Valor Total: 175 &#13; &#13;  Ordens de servicos: 4072&#13; NUMERO DO PEDIDO 047362 /1&#13;",01260724000137,1133403,"PREVIEW CRIACAO, ARTE & FOTOLITO LTDA - ME",,GO,GOIÂNIA,rhemacontabil@hotmail.com,3,01082569000106,141372,HP MOBILIDADE LTDA.,GOIÂNIA,,,"000000000053426021770634332 - PREVIEW CRIACAO, ARTE &amp; FOTO.xml"
NFS-e,NFSe Nacional,52087071201260724000137000000000057726021772029012,577,00001,2026-02-25T00:00:00-03:00,2026-02-25,GOIÂNIA,130501,"Servico 1 - Adesivo Bolo - 7x7cm, Impressao Digital Latex, Adesivo de vinil leitoso, recort eletronico QTD: 850 UN Valor Unit: 0.51 Valor Total: 430 &#13; &#13;  Ordens de servicos: 4135&#13; &#13; P ",121012100,,"Composição gráfica, inclusive confecção de impressos gráficos, fotocomposição, clicheria, zincografia, litografia e fotolitografia, exceto se destinados a posterior operação de comercialização ou industrialização, ainda que incorporados, de qualquer forma, a outra mercadoria que deva ser objeto de posterior circulação, tais como bulas, rótulos, etiquetas, caixas, cartuchos, embalagens e manuais técnicos e de instrução, quando ficarão sujeitos ao ICMS.",,1.2101.21.00-Serviços de impressão,2,430.00,3.86,16.60,3.86,2,430.00,,,,,,,,,,,,,430.00,413.40,"Servico 1 - Adesivo Bolo - 7x7cm, Impressao Digital Latex, Adesivo de vinil leitoso, recort eletronico QTD: 850 UN Valor Unit: 0.51 Valor Total: 430 &#13; &#13;  Ordens de servicos: 4135&#13; &#13; P ",01260724000137,1133403,"PREVIEW CRIACAO, ARTE & FOTOLITO LTDA - ME",,GO,GOIÂNIA,rhemacontabil@hotmail.com,3,01082569000106,141372,HP MOBILIDADE LTDA.,GOIÂNIA,,,"000000000057726021772029012 - PREVIEW CRIACAO, ARTE &amp; FOTO.xml"
NFS-e,NFSe Nacional,52087071214930505000160000000000061726021770728169,617,00001,2026-02-10T00:00:00-03:00,2026-02-10,GOIÂNIA,140101,01 - ACOMPANHAMENTO MENSAL DE VERIFICACAO DE BARRILETES E CENTRAL DE ALARME DE INCENDIO.,120018900,,"Lubrificação, limpeza, lustração, revisão, carga e recarga, conserto, restauração, blindagem, manutenção e conservação de máquinas, veículos, aparelhos, equipamentos, motores, elevadores ou de qualquer objeto (exceto peças e partes empregadas, que ficam sujeitas ao ICMS).",,1.2001.89.00-Serviços de manutenção e reparação de outros maquinários e equipamentos não classificados em subposições anteriores,2,950.00,4.01,38.10,4.01,2,950.00,,,,,,,,,,,,,950.00,911.90,01 - ACOMPANHAMENTO MENSAL DE VERIFICACAO DE BARRILETES E CENTRAL DE ALARME DE INCENDIO.,14930505000160,3288404,JR PROJETOS E SISTEMAS DE COMBATE A INCENDIO LTDA,JR PROJ E SITEMAS DE COMBATE A INCENDIO,GO,GOIÂNIA,jrextintor@hotmail.com,3,01082569000106,141372,HP MOBILIDADE LTDA.,GOIÂNIA,,,000000000061726021770728169 - JR PROJETOS E SISTEMAS DE COMBAT.xml
NFS-e,NFSe Nacional,31702062227390534000128000000000065026035202984796,650,99,2026-03-01T03:30:37-03:00,2026-03-01,Uberlândia,010501,"1 Mensalidade GEC. 1.000,00
1 Mensalidade Permissão Trabalho Digital (PPT). 750,00


PRESTAÇÃO DE SERVIÇOS DE CESSÃO DE DIREITO DE USO DA PLATAFORMA DE GESTÃO DE EMPRESAS CONTRATADAS (GEC) E PERMISSAO",111032200,,Licenciamento ou cessão de direito de uso de programas de computação.,,Licenciamento de direitos de uso de programas de computador (software),1,1750.00,2.00,35.00,,1,1750.00,,,,,,,,,,,,,1750.00,1750.00,"1 Mensalidade GEC. 1.000,00
1 Mensalidade Permissão Trabalho Digital (PPT). 750,00


PRESTAÇÃO DE SERVIÇOS DE CESSÃO DE DIREITO DE USO DA PLATAFORMA DE GESTÃO DE EMPRESAS CONTRATADAS (GEC) E PERMISSAO",27390534000128,,GAP GESTAO EM SISTEMAS LTDA,,MG,Uberlândia,LEGALIZACAO@VCONCONTABILIDADE.COM.BR,1,01082569000106,,H P TRANSPORTES COLETIVOS LTDA,Uberlândia,,contratos@hpmobilidade.com.br,000000000065026035202984796 - GAP GESTAO EM SISTEMAS LTDA.xml
NFS-e,NFSe Nacional,52087071273471963006420000000000065926021771945234,659,00001,2026-02-23T00:00:00-03:00,2026-02-23,GOIÂNIA,080201,Especializado para Condutores de Veiculos de Transporte Coletivo de Passageiros  Dentro da Unidade Imunidade Tributaria conforme artigo 150 inciso VI alinea c da CF sem incidencia de ISS,122051900,,"Instrução, treinamento, orientação pedagógica e educacional, avaliação de conhecimentos de qualquer natureza.",,"1.2205.19.00-Serviços de educação, inclusive treinamento não classificados em subposições anteriores",1,,,,,1,3850.00,,,,,,,,,,,,,3850.00,3850.00,Especializado para Condutores de Veiculos de Transporte Coletivo de Passageiros  Dentro da Unidade Imunidade Tributaria conforme artigo 150 inciso VI alinea c da CF sem incidencia de ISS,73471963006420,1455745,SENAT - SERVICO NACIONAL DE APRENDIZAGEM DO TRANSPORTE,SENAT,GO,GOIÂNIA,goiania.go@sestsenat.org.br,1,01082569000106,141372,HP,GOIÂNIA,,ana.paula@hptransportes.com.br,000000000065926021771945234 - SENAT - SERVICO NACIONAL DE APRE.xml
NFS-e,NFSe Nacional,52087071233592841000194000000000082726021771582468,827,70002,2026-02-20T10:14:27-03:00,2026-02-20,GOIÂNIA,140101,"SERV AFERIÇÃO EM  TACOGRAFOS:..........................................................R$3.045,00             07-INMETRO (R$400,00) + 07- TAMPA LACRE (R$35,00)  PLACA: OVO-0E54 / CARRO: 20534 PLACA: O",120016000,,"Lubrificação, limpeza, lustração, revisão, carga e recarga, conserto, restauração, blindagem, manutenção e conservação de máquinas, veículos, aparelhos, equipamentos, motores, elevadores ou de qualquer objeto (exceto peças e partes empregadas, que ficam sujeitas ao ICMS).",,1.2001.60.00-Serviços de manutenção e reparação de maquinários e equipamentos de uso comercial,2,3045.00,2.00,60.90,2.00,2,3045.00,,,,,,,,,,,,,3045.00,2984.10,"SERV AFERIÇÃO EM  TACOGRAFOS:..........................................................R$3.045,00             07-INMETRO (R$400,00) + 07- TAMPA LACRE (R$35,00)  PLACA: OVO-0E54 / CARRO: 20534 PLACA: O",33592841000194,749941,TACOTEC COMERCIO LTDA,TACOTEC,GO,GOIÂNIA,ronaldo@newcampscontabilidade.com.br,3,01082569000106,141372,HP MOBILIDADE LTDA,GOIÂNIA,,,000000000082726021771582468 - TACOTEC COMERCIO LTDA.xml
NFS-e,NFSe Nacional,31062002232783967000183000000000086926037153935976,869,00900,2026-03-02T19:37:18-03:00,2026-03-02,Belo Horizonte,010501,Licenciamento de Software TUNE|,111032100,,Licenciamento ou cessão de direito de uso de programas de computação.,,"Licenciamento de direitos de produção, distribuição ou comercialização de programas de computador (software)",1,1050.00,2.50,26.25,,1,1050.00,,,,,,,,,,,,,1050.00,1050.00,Licenciamento de Software TUNE|,32783967000183,,ACTIO DIGITAL LTDA,,MG,Belo Horizonte,JOYCE.LORENA@ACTIOSOFTWARE.COM,1,01082569000106,,H P TRANSPORTES COLETIVOS LTDA,Belo Horizonte,,contratos@hptransportes.com.br,000000000086926037153935976 - ACTIO DIGITAL LTDA.xml
NFS-e,NFSe Nacional,52214031208772007000133000000000089426035020041705,894,00001,2026-03-02T13:30:11-03:00,2026-03-02,GOIÂNIA - GO,110201,"NOTA FISCAL REFERENTE AOS SERVIÇOS PRESTADOS NO MES FEVEREIRO/2026, COM FILMAGEM NO ARCO SUL",118029000,,Servico codigo 110201,,,2,130773.01,4.41,5767.09,4.41,2,130773.01,,,,,,,,,,,,,130773.01,125005.92,"NOTA FISCAL REFERENTE AOS SERVIÇOS PRESTADOS NO MES FEVEREIRO/2026, COM FILMAGEM NO ARCO SUL",08772007000133,87617,DETECTA MONITORAMENTO AMBIENTAL LTDA,DETECTA,GO,TRINDADE - GO,,3,01082569000106,,HP TRANSPORTES COLETIVOS LTDA,GOIÂNIA - GO,,,000000000089426035020041705 - DETECTA MONITORAMENTO AMBIENTAL .xml
NFS-e,NFSe Nacional,52087071210911996000140000000000151026021770730591,1510,00001,2026-02-10T00:00:00-03:00,2026-02-10,GOIÂNIA,140401,SERVICOS PRESTADOS DE ACORDO COM RPS:1523  VIR 42 - Qtde:8 Vlr Uni30.00 Vlr Tot:240.00 VIR 35 - Qtde:3 Vlr Uni30.00 Vlr Tot:90.00 VIR 25 - Qtde:3 Vlr Uni30.00 Vlr Tot:90.00 VIR 10 - Qtde:15 Vlr Uni30.,120029000,,Recauchutagem ou regeneração de pneus.,,1.2002.90.00-Serviços de manutenção e reparação de outros bens de consumo não classificados em subposições anteriores,2,10362.00,5.00,518.10,5.00,2,10362.00,,,,,,,,,,,,,10362.00,9843.90,SERVICOS PRESTADOS DE ACORDO COM RPS:1523  VIR 42 - Qtde:8 Vlr Uni30.00 Vlr Tot:240.00 VIR 35 - Qtde:3 Vlr Uni30.00 Vlr Tot:90.00 VIR 25 - Qtde:3 Vlr Uni30.00 Vlr Tot:90.00 VIR 10 - Qtde:15 Vlr Uni30.,10911996000140,2793229,W R RECAPAGEM LTDA ME,RENOV PNEUS,GO,GOIÂNIA,processo@luscontabilidade.com.br,1,01082569000106,141372,HP TRANSPORTES COLETIVOS LTDA - 06,GOIÂNIA,,nfe@hptransportes.com.br,000000000151026021770730591 - W R RECAPAGEM LTDA ME.xml
NFS-e,NFSe Nacional,52087071219169504000168000000000164726021770727312,1647,70002,2026-02-10T12:41:59-03:00,2026-02-10,GOIÂNIA,040201,SERVICOS PRESTADOS REFERENTE A EXAMES REALIZADOS,123019300,,Análises clínicas e congêneres.,,1.2301.93.00-Serviços laboratoriais,2,8346.00,4.65,388.09,4.65,2,8346.00,,,,,,,,,,,,,8346.00,7957.91,SERVICOS PRESTADOS REFERENTE A EXAMES REALIZADOS,19169504000168,3626733,LABORATORIO E CENTRO CLINICO EIRELI ME,CLIMT,GO,GOIÂNIA,contabilidadenataldealcantara@hotmail.com,3,01082569000106,141372,HP MOBILIDADE LTDA,GOIÂNIA,,gcon@gestaosian.com.br,000000000164726021770727312 - LABORATORIO E CENTRO CLINICO EIR.xml
NFS-e,NFSe Nacional,52087071201092089000126000000000172226021771602156,1722,00001,2026-02-20T00:00:00-03:00,2026-02-20,GOIÂNIA,140101,"S156             LICENCA SOFTWARE MODULO  (S156)              600,48ISS RETIDO - R$ 30,02Valor Liquido da Nota Fiscal - R$ 570,46Condicoes de Pagamento: A COMBINARContato: 235650 - Depto: 100 - Vended",120013110,,"Lubrificação, limpeza, lustração, revisão, carga e recarga, conserto, restauração, blindagem, manutenção e conservação de máquinas, veículos, aparelhos, equipamentos, motores, elevadores ou de qualquer objeto (exceto peças e partes empregadas, que ficam sujeitas ao ICMS).",,1.2001.31.10-Serviços de manutenção e reparação de veículos rodoviários motorizados,2,600.48,5.00,30.02,5.00,2,600.48,,,,,,,,,,,,,600.48,570.46,"S156             LICENCA SOFTWARE MODULO  (S156)              600,48ISS RETIDO - R$ 30,02Valor Liquido da Nota Fiscal - R$ 570,46Condicoes de Pagamento: A COMBINARContato: 235650 - Depto: 100 - Vended",01092089000126,109002,AGUIA DIESEL LTDA,AGUIA DIESEL,GO,GOIÂNIA,paralegal@somacontabilidades.com.br,1,01082569000106,141372,HP MOBILIDADE LTDA,GOIÂNIA,,portaria@hpmobilidade.com.br,000000000172226021771602156 - AGUIA DIESEL LTDA.xml
NFS-e,NFSe Nacional,52087071201092089000126000000000172326021771602729,1723,00001,2026-02-20T00:00:00-03:00,2026-02-20,GOIÂNIA,140101,"S2               REGULAR BICO INJETOR (S2)              293,76ISS RETIDO - R$ 13,22Valor Liquido da Nota Fiscal - R$ 251,16Valor Total do Desconto: 29,38Condicoes de Pagamento: A COMBINARCondicoes de ",120013110,,"Lubrificação, limpeza, lustração, revisão, carga e recarga, conserto, restauração, blindagem, manutenção e conservação de máquinas, veículos, aparelhos, equipamentos, motores, elevadores ou de qualquer objeto (exceto peças e partes empregadas, que ficam sujeitas ao ICMS).",,1.2001.31.10-Serviços de manutenção e reparação de veículos rodoviários motorizados,2,264.38,5.00,13.22,5.00,2,264.38,,,,,,,,,,,,,264.38,251.16,"S2               REGULAR BICO INJETOR (S2)              293,76ISS RETIDO - R$ 13,22Valor Liquido da Nota Fiscal - R$ 251,16Valor Total do Desconto: 29,38Condicoes de Pagamento: A COMBINARCondicoes de ",01092089000126,109002,AGUIA DIESEL LTDA,AGUIA DIESEL,GO,GOIÂNIA,paralegal@somacontabilidades.com.br,1,01082569000106,141372,HP MOBILIDADE LTDA,GOIÂNIA,,portaria@hpmobilidade.com.br,000000000172326021771602729 - AGUIA DIESEL LTDA.xml
NFS-e,NFSe Nacional,52087071201092089000126000000000172426021771603095,1724,00001,2026-02-20T00:00:00-03:00,2026-02-20,GOIÂNIA,140101,"S36              LIMPEZA TESTE /BANCADA DENOX (S36)            1.360,80ISS RETIDO - R$ 68,04Valor Liquido da Nota Fiscal - R$ 1.292,76Condicoes de Pagamento: A COMBINARCondicoes de Pagamento: A COMBIN",120013110,,"Lubrificação, limpeza, lustração, revisão, carga e recarga, conserto, restauração, blindagem, manutenção e conservação de máquinas, veículos, aparelhos, equipamentos, motores, elevadores ou de qualquer objeto (exceto peças e partes empregadas, que ficam sujeitas ao ICMS).",,1.2001.31.10-Serviços de manutenção e reparação de veículos rodoviários motorizados,2,1360.80,5.00,68.04,5.00,2,1360.80,,,,,,,,,,,,,1360.80,1292.76,"S36              LIMPEZA TESTE /BANCADA DENOX (S36)            1.360,80ISS RETIDO - R$ 68,04Valor Liquido da Nota Fiscal - R$ 1.292,76Condicoes de Pagamento: A COMBINARCondicoes de Pagamento: A COMBIN",01092089000126,109002,AGUIA DIESEL LTDA,AGUIA DIESEL,GO,GOIÂNIA,paralegal@somacontabilidades.com.br,1,01082569000106,141372,HP MOBILIDADE LTDA,GOIÂNIA,,portaria@hpmobilidade.com.br,000000000172426021771603095 - AGUIA DIESEL LTDA.xml
NFS-e,NFSe Nacional,52087071225006149000109000000000202926021771845956,2029,00001,2026-02-23T00:00:00-03:00,2026-02-23,GOIÂNIA,270101,"DESPESAS REALIZADAS COM 40 APRENDIZES NO MES 02/206, CONFORME CONVENIO DE APRENDIZAGEM.",123049000,,Serviços de assistência social.,,1.2304.90.00-Serviços de assistência social sem acomodação não classificados em subposições anteriores,1,,,,,1,8970.00,,,,,,,,,,,,,8970.00,8970.00,"DESPESAS REALIZADAS COM 40 APRENDIZES NO MES 02/206, CONFORME CONVENIO DE APRENDIZAGEM.",25006149000109,862673,OBRAS SOCIAIS DO CENTRO ESPIRITA IRMAO AUREO,,GO,GOIÂNIA,contabilidade@osceia.org.br,1,01082569000106,141372,H P TRANSPORTES COLETIVOS LTDA,GOIÂNIA,,,000000000202926021771845956 - OBRAS SOCIAIS DO CENTRO ESPIRITA.xml
NFS-e,NFSe Nacional,52087071224336079000194000000000219726021770714805,2197,00001,2026-02-10T00:00:00-03:00,2026-02-10,GOIÂNIA,990101,"- &lt;br /&gt; &lt;br /&gt; &lt;br /&gt;VALOR REFERENTE AO CONTRATO DE LOCACAO 012/2023 NO PERIODO DE JANEIRO 2026, DOS EQUIPAMENTOS. VOLUME MENSAL 29.500 PAGINAS MONO. EXCEDENTE DE 5.748 PAGINAS MONO",111014000,,Serviços sem a incidência de ISSQN e ICMS,,"1.1101.40.00-Arrendamento mercantil operacional ou locação de máquinas e equipamentos para escritórios, exceto computadores, sem operador",1,,,,,1,3909.15,,,,,,,,,,,,,3909.15,3909.15,"- &lt;br /&gt; &lt;br /&gt; &lt;br /&gt;VALOR REFERENTE AO CONTRATO DE LOCACAO 012/2023 NO PERIODO DE JANEIRO 2026, DOS EQUIPAMENTOS. VOLUME MENSAL 29.500 PAGINAS MONO. EXCEDENTE DE 5.748 PAGINAS MONO",24336079000194,4185528,DIRECTA PRIME SOLUCOES EM IMPRESSAO LTDA - ME,DIRECTA PRIME,GO,GOIÂNIA,financeiro@directabr.com,1,01082569000106,141372,HP MOBILIDADE LTDA.,GOIÂNIA,,,000000000219726021770714805 - DIRECTA PRIME SOLUCOES EM IMPRES.xml
NFS-e,NFSe Nacional,42054072227332547000140000000000226226034481217178,2262,900,2026-03-01T04:38:17-03:00,2026-03-01,Florianópolis,010501,"1 Cessão de Licença de Uso de Software. 921,90",,,Licenciamento ou cessão de direito de uso de programas de computação.,,,1,921.90,2.00,18.44,,1,921.90,,,,,,,,,,,,,921.90,921.90,"1 Cessão de Licença de Uso de Software. 921,90",27332547000140,,WIFEED TECNOLOGIA LTDA,,SC,Florianópolis,CONTATO@WIFEED.COM.BR,1,01082569000106,,HP MOBILIDADE LTDA.,Florianópolis,,eduardo.goes@gestaosian.com.br,000000000226226034481217178 - WIFEED TECNOLOGIA LTDA.xml
NFS-e,NFSe Nacional,52014051230363323000100000000000284526021772115060,2845,00009,2026-02-26T00:00:00-03:00,2026-02-26,APARECIDA DE GOIÂNIA,130501,"500 Papel Timbrado A4 - HP Mobilidade - 21x29,7cm, 4x0 cores, Tinta Escala em Offset 90g, Incluso Fechamento de Arquivo, Extra, Guilhotina.  R$420,00      PGTO.: 21 dias em boleto",121012200,,"Composição gráfica, inclusive confecção de impressos gráficos, fotocomposição, clicheria, zincografia, litografia e fotolitografia, exceto se destinados a posterior operação de comercialização ou industrialização, ainda que incorporados, de qualquer forma, a outra mercadoria que deva ser objeto de posterior circulação, tais como bulas, rótulos, etiquetas, caixas, cartuchos, embalagens e manuais técnicos e de instrução, quando ficarão sujeitos ao ICMS.",,1.2101.22.00-Serviços relacionados à impressão,1,420.00,5.00,21.00,5.00,1,420.00,,,,,,,,,,,,,420.00,420.00,"500 Papel Timbrado A4 - HP Mobilidade - 21x29,7cm, 4x0 cores, Tinta Escala em Offset 90g, Incluso Fechamento de Arquivo, Extra, Guilhotina.  R$420,00      PGTO.: 21 dias em boleto",30363323000100,14392747,PLUG DIGITAL LIMITADA,PLUG IMPRESSOS,GO,APARECIDA DE GOIÂNIA,apoiocontabilidadenc@gmail.com,3,01082569000106,,H P TRANSPORTES COLETIVOS LTDA,APARECIDA DE GOIÂNIA,,wendel.amaral@gestaosian.com.br,000000000284526021772115060 - PLUG DIGITAL LIMITADA.xml
NFS-e,NFSe Nacional,52014051230363323000100000000000284626021772118585,2846,00009,2026-02-26T00:00:00-03:00,2026-02-26,APARECIDA DE GOIÂNIA,130501,"500 Servico de Impressao Grafica - Cartao - Cartao: 9x6cm, 4x0 cores em Cartao C2S Brilho 250g. Prova Digital Inclusa, Guilhotina.  R$210,00      PGTO.: 21 dias em boleto",121012200,,"Composição gráfica, inclusive confecção de impressos gráficos, fotocomposição, clicheria, zincografia, litografia e fotolitografia, exceto se destinados a posterior operação de comercialização ou industrialização, ainda que incorporados, de qualquer forma, a outra mercadoria que deva ser objeto de posterior circulação, tais como bulas, rótulos, etiquetas, caixas, cartuchos, embalagens e manuais técnicos e de instrução, quando ficarão sujeitos ao ICMS.",,1.2101.22.00-Serviços relacionados à impressão,1,210.00,3.00,6.30,3.00,1,210.00,,,,,,,,,,,,,210.00,210.00,"500 Servico de Impressao Grafica - Cartao - Cartao: 9x6cm, 4x0 cores em Cartao C2S Brilho 250g. Prova Digital Inclusa, Guilhotina.  R$210,00      PGTO.: 21 dias em boleto",30363323000100,14392747,PLUG DIGITAL LIMITADA,PLUG IMPRESSOS,GO,APARECIDA DE GOIÂNIA,apoiocontabilidadenc@gmail.com,3,01082569000106,,H P TRANSPORTES COLETIVOS LTDA,APARECIDA DE GOIÂNIA,,wendel.amaral@gestaosian.com.br,000000000284626021772118585 - PLUG DIGITAL LIMITADA.xml
NFS-e,NFSe Nacional,42054072202993180000347000000000410226038932232549,4102,1,2026-03-02T18:04:21-03:00,2026-03-02,Florianópolis,010501,"Prestação de serviços de programação e hospedagem de sistemas, referente ao mês 03/2026",115021000,,Licenciamento ou cessão de direito de uso de programas de computação.,,"Serviços de projeto, desenvolvimento e instalação de aplicativos e programas não personalizados (não customizados)",1,1133.24,2.00,22.66,,1,1133.24,,,,,,,,,,,,,1133.24,1133.24,"Prestação de serviços de programação e hospedagem de sistemas, referente ao mês 03/2026",02993180000347,,DATAJURI TECNOLOGIA EM SOFTWARE LTDA,,SC,Florianópolis,RODRIGO@DATAJURI.COM.BR,1,01082569000106,,HP Transportes Coletivos Ltda,Florianópolis,,contratos@hptransportes.com.br,000000000410226038932232549 - DATAJURI TECNOLOGIA EM SOFTWARE .xml
NFS-e,NFSe Nacional,31062002203175428000163000000000476826031027240510,4768,900,2026-03-02T11:58:14-03:00,2026-03-02,Belo Horizonte,010501,SOGI MENSALIDADE  CESSAO DE DIREITOS DE USO DO SOFTWARE CONTRATO N.000000000003250 MENSALIDADE REFERENTE AO MES DE 032026 CONTRATO N.000000000003250  MENSALIDADE REFERENTE AO MES DE 032026 VALOR      ,111032200,,Licenciamento ou cessão de direito de uso de programas de computação.,,Licenciamento de direitos de uso de programas de computador (software),1,1740.00,2.50,43.50,,1,1740.00,,,,,,,,,,,,,1740.00,1740.00,SOGI MENSALIDADE  CESSAO DE DIREITOS DE USO DO SOFTWARE CONTRATO N.000000000003250 MENSALIDADE REFERENTE AO MES DE 032026 CONTRATO N.000000000003250  MENSALIDADE REFERENTE AO MES DE 032026 VALOR      ,03175428000163,,AMBIPAR GREEN TECH LTDA,,MG,Belo Horizonte,FINANCEIRO@VERDEGHAIA.COM.BR,1,01082569000106,,H P TRANSPORTES COLETIVOS LTDA,Belo Horizonte,,contratos@hptransportes.com.br,000000000476826031027240510 - AMBIPAR GREEN TECH LTDA.xml
NFS-e,NFSe Nacional,52204541215017381000199000000000482426028548700980,4824,00002,2026-02-19T09:15:42-03:00,2026-02-19,GOIANIA,070901,"SERVIÇO DE COLETA, GERENCIAMENTO E DESTINAÇÃO FINAL DE RESÍDUOS SÓLIDOS CONTAMINADOS COMO BORRACHA, FILTRO DE AR E ÓLEO, LONA DE FREIO, MANGUEIRA, PAPEL, PAPELÃO, PLÁSTICO, REFUGO DE VEÍCULO, TERRA, T",124031200,,"Varrição, coleta e remoção de lixo, rejeitos e outros resíduos quaisquer.",,"Serviços de coleta de resíduos perigosos industriais, exceto resíduos de serviços de saúde e outros resíduos biológicos",2,2174.00,5.00,108.70,,2,2174.00,,,,,,,,,,,,,2174.00,2065.30,"SERVIÇO DE COLETA, GERENCIAMENTO E DESTINAÇÃO FINAL DE RESÍDUOS SÓLIDOS CONTAMINADOS COMO BORRACHA, FILTRO DE AR E ÓLEO, LONA DE FREIO, MANGUEIRA, PAPEL, PAPELÃO, PLÁSTICO, REFUGO DE VEÍCULO, TERRA, T",15017381000199,30002722,NASA SOLUCOES AMBIENTAIS LTDA,NASA AMBIENTAL,GO,SENADOR CANEDO,FINANCEIRO@NASAAMBIENTAL.COM.BR,3,01082569000106,,HP TRANSPORTES COLETIVOS LTDA,GOIANIA,,,000000000482426028548700980 - NASA SOLUCOES AMBIENTAIS LTDA.xml
NFS-e,NFSe Nacional,42054072215087394000134000000000737126039307612273,7371,00001,2026-03-02T13:56:29-03:00,2026-03-02,Florianópolis,010501,LICENCA DE SOFTWARE SAAS;,111032100,,Licenciamento ou cessão de direito de uso de programas de computação.,,"Licenciamento de direitos de produção, distribuição ou comercialização de programas de computador (software)",1,1320.00,2.00,26.40,,1,1320.00,,,,,,,,,,,,,1320.00,1320.00,LICENCA DE SOFTWARE SAAS;,15087394000134,,SOFTPLAN S/A,,SC,Florianópolis,ADMINISTRATIVO@SOFTPLAN.COM.BR,1,01082569000106,,H P TRANSPORTES COLETIVOS LTDA,Florianópolis,,contratos@hptransportes.com.br,000000000737126039307612273 - SOFTPLAN S_A.xml
NFS-e,NFSe Nacional,52014051207701805000101000000000862326021772202402,8623,00009,2026-02-27T00:00:00-03:00,2026-02-27,APARECIDA DE GOIÂNIA,140101,01 CAL.. CALIBRADOR DOSIMETRO Vlr. Unit: ( 260.00 ) 01 CAL.. DOSIMETRO Vlr. Unit: ( 260.00 ),120017000,,"Lubrificação, limpeza, lustração, revisão, carga e recarga, conserto, restauração, blindagem, manutenção e conservação de máquinas, veículos, aparelhos, equipamentos, motores, elevadores ou de qualquer objeto (exceto peças e partes empregadas, que ficam sujeitas ao ICMS).",,1.2001.70.00-Serviços de manutenção e reparação de equipamentos e aparelhos de telecomunicações,1,520.00,4.39,22.83,4.39,1,520.00,,,,,,,,,,,,,520.00,520.00,01 CAL.. CALIBRADOR DOSIMETRO Vlr. Unit: ( 260.00 ) 01 CAL.. DOSIMETRO Vlr. Unit: ( 260.00 ),07701805000101,414711,MEDICAO - SOLUCOES METROLOGICAS INTEGRADAS LTDA - ME,MEDICAO,GO,APARECIDA DE GOIÂNIA,,3,01082569000106,,HP TRANSPORTES COLETIVOS LTDA,APARECIDA DE GOIÂNIA,,compras@hptransportes.com.br,000000000862326021772202402 - MEDICAO - SOLUCOES METROLOGICAS .xml
NFS-e,NFSe Nacional,42119001224013399000103000000002606026030000000009,26060,1,2026-03-02T09:14:28-03:00,2026-03-02,Palhoça,010501,"Prolog: Modulo Pneus - FIXO ATE 311 PLACAS - Qtde 1 x Valor Unit. R$ 3.249,95 = Total R$ 3.249,95.|Comodato sonda de afericao - Qtde 2 x Valor Unit. R$ 825,55 = Total R$ 1.651,10.|Prolog: Modulo Pneus",111032100,,Licenciamento ou cessão de direito de uso de programas de computação.,,,1,4953.30,2.00,99.07,2.00,1,4953.30,,,,,,,,,,,,,4953.30,4953.30,"Prolog: Modulo Pneus - FIXO ATE 311 PLACAS - Qtde 1 x Valor Unit. R$ 3.249,95 = Total R$ 3.249,95.|Comodato sonda de afericao - Qtde 2 x Valor Unit. R$ 825,55 = Total R$ 1.651,10.|Prolog: Modulo Pneus",24013399000103,23443,ZALF SISTEMAS LTDA,,SC,Palhoça,fiscal@softconsc.com.br,1,01082569000106,,H P TRANSPORTES COLETIVOS LTDA,Palhoça,,contratos@hptransportes.com.br,000000002606026030000000009 - ZALF SISTEMAS LTDA.xml
NFS-e,NFSe Nacional,31062002230342266000183000000003200926031561464781,32009,1001,2026-03-01T12:30:42-03:00,2026-03-01,Belo Horizonte,090201,"9.2 AGENCIAMENTO DE TURISMO - ISS
Fatura #458328 | Valor das deducoes refere-se a simples repasse de numerario dos servicos prestados por terceiros conforme fatura. Nao incidencia do ISSQN (Decreto n.",118056100,,"Agenciamento e intermediação de programas de turismo, passeios, viagens, excursões, hospedagens e congêneres.",,Serviços de promoção turística,1,177.60,3.00,5.33,,1,2318.28,,,,,,,,,,,,,2318.28,2318.28,"9.2 AGENCIAMENTO DE TURISMO - ISS
Fatura #458328 | Valor das deducoes refere-se a simples repasse de numerario dos servicos prestados por terceiros conforme fatura. Nao incidencia do ISSQN (Decreto n.",30342266000183,,ONFLY TECNOLOGIA LTDA,,MG,Belo Horizonte,FINANCEIRO@ONFLY.COM.BR,1,01082569000106,,HP MOBILIDADE LTDA.,Belo Horizonte,,dalila.carvalho@gestaosian.com.br,000000003200926031561464781 - ONFLY TECNOLOGIA LTDA.xml
NFS-e,NFSe Nacional,35503081272840002000108000000004236526036230243062,42365,1,2026-03-04T15:22:36-03:00,2026-03-04,S o Paulo,140101,"Condicao de Pagamento : Vencimento - 02/04/2026  -  Valor a Pagar - 13,14 MANUTENCAO POSTOS - PARTES E PECAS Posto 010207 -  Ref.: 02/2026",999999999,,"Lubrificação, limpeza, lustração, revisão, carga e recarga, conserto, restauração, blindagem, manute",,,1,13.14,5.00,0.65,5.00,1,13.14,,,,,,,,,,,,,13.14,13.14,"Condicao de Pagamento : Vencimento - 02/04/2026  -  Valor a Pagar - 13,14 MANUTENCAO POSTOS - PARTES E PECAS Posto 010207 -  Ref.: 02/2026",72840002000108,22086684,CTF TECHNOLOGIES DO BRASIL LTDA,,SP,S o Paulo,fiscal@ctf.com.br,1,01082569000106,,HP TRANSPORTES COLETIVOS LTDA,S o Paulo,,contratos@hptransportes.com.br,000000004236526036230243062 - CTF TECHNOLOGIES DO BRASIL LTDA.xml
NFS-e,NFSe Nacional,35503081272840002000108000000004243026031774240488,42430,1,2026-03-05T12:16:53-03:00,2026-03-05,S o Paulo,140101,"Condicao de Pagamento : Vencimento - 03/04/2026  -  Valor a Pagar - 1.235,10 MANUTENCAO POSTO Posto 010207 -  Ref.: 02/2026",999999999,,"Lubrificação, limpeza, lustração, revisão, carga e recarga, conserto, restauração, blindagem, manute",,,1,1235.10,5.00,61.75,5.00,1,1235.10,,,,,,,,,,,,,1235.10,1235.10,"Condicao de Pagamento : Vencimento - 03/04/2026  -  Valor a Pagar - 1.235,10 MANUTENCAO POSTO Posto 010207 -  Ref.: 02/2026",72840002000108,22086684,CTF TECHNOLOGIES DO BRASIL LTDA,,SP,S o Paulo,fiscal@ctf.com.br,1,01082569000106,,HP TRANSPORTES COLETIVOS LTDA,S o Paulo,,contratos@hptransportes.com.br,000000004243026031774240488 - CTF TECHNOLOGIES DO BRASIL LTDA.xml
NFS-e,NFSe Nacional,53001081202561118000114000000020308926021770110838,203089,00003,2026-02-03T00:00:00-03:00,2026-02-03,BRASÍLIA,171201,CREDITO EM CARTAO (S),114012100,,"Administração em geral, inclusive de bens e negócios de terceiros.",,1.1401.21.00-Serviços de gestão em processos de negócios,1,,,,,1,267.61,,,,,,,,,,,,,267.61,267.61,CREDITO EM CARTAO (S),02561118000114,0738590800193,VALESHOP BENEFICIOS E SOLUCOES EM PAGAMENTOS LTDA,VALESHOP,DF,BRASÍLIA,xxxx@xxxx.com.br,1,01082569000106,,H P TRANSPORTES COLETIVOS LTDA,BRASÍLIA,,contratos@hptransportes.com.br,000000020308926021770110838 - VALESHOP BENEFICIOS E SOLUCOES E.xml
NFS-e,NFSe Nacional,53001081202561118000114000000021110526031772632738,211105,00003,2026-03-04T00:00:00-03:00,2026-03-04,BRASÍLIA,171201,CREDITO EM CARTAO (S),114012100,,"Administração em geral, inclusive de bens e negócios de terceiros.",,1.1401.21.00-Serviços de gestão em processos de negócios,1,,,,,1,3111.45,,,,,,,,,,,,,3111.45,3111.45,CREDITO EM CARTAO (S),02561118000114,0738590800193,VALESHOP BENEFICIOS E SOLUCOES EM PAGAMENTOS LTDA,VALESHOP,DF,BRASÍLIA,xxxx@xxxx.com.br,1,01082569000106,,H P TRANSPORTES COLETIVOS LTDA,BRASÍLIA,,contratos@hptransportes.com.br,000000021110526031772632738 - VALESHOP BENEFICIOS E SOLUCOES E.xml
NFS-e,NFSe Nacional,35522051244016707000161000000023121026030789253251,231210,00001,2026-03-02T07:31:09-03:00,2026-03-01,GOIANIA,071201,<b>Numero da Nota:</b>231210  -   <b>Numero da Fatura:</b>231210<br /> <b>Logradouro de Cobranca:</b>AV DOS ALPES  <b>Nº:</b>450  <b> </b>  <b> - Bairro:</b>SETOR UNIAO  <b> - CEP:</b>74310907<br /> <,124042100,,"Controle e tratamento de efluentes de qualquer natureza e de agentes físicos, químicos e biológicos.",,Serviços de tratamento de resíduos perigosos,2,698.85,5.00,34.94,5.00,2,698.85,,,,,,,,,,,,,698.85,663.91,<b>Numero da Nota:</b>231210  -   <b>Numero da Fatura:</b>231210<br /> <b>Logradouro de Cobranca:</b>AV DOS ALPES  <b>Nº:</b>450  <b> </b>  <b> - Bairro:</b>SETOR UNIAO  <b> - CEP:</b>74310907<br /> <,44016707000161,024678,NCH BRASIL LTDA,NCH BRASIL LTDA,SP,SOROCABA,wpollis@nch.com.br,1,01082569000106,,H P TRANSPORTES COLETIVOS LTDA,GOIANIA,,contratos@hptransportes.com.br,000000023121026030789253251 - NCH BRASIL LTDA.xml
NFS-e,NFSe Nacional,31702062205872814001373000000035677726020148051343,356777,004,2026-02-21T13:53:24-03:00,2026-02-21,Uberlândia,010302,SERVIÇOS CONTRATADOS,115061000,,"Armazenamento ou hospedagem de dados, textos, imagens, vídeos, páginas eletrônicas, aplicativos e sistemas de informação, entre outros formatos, e congêneres.",,Serviços de hospedagem de sítios na rede mundial de computadores,1,274.55,2.00,5.49,,1,274.55,,,,,,,,,,,,,274.55,274.55,SERVIÇOS CONTRATADOS,05872814001373,,VOGEL SOLUCOES EM TELECOMUNICACOES E INFORMATICA S.A.,,MG,Uberlândia,CADASTROS@ALGARTELECOM.COM.BR,1,01082569000106,,H P TRANSPORTES COLETIVOS LTDA,Uberlândia,,eduardo.goes@hptransportes.com.br,000000035677726020148051343 - VOGEL SOLUCOES EM TELECOMUNICACO.xml
NFS-e,NFSe Nacional,31702062205872814001373000000036553326036129747750,365533,004,2026-03-03T12:18:52-03:00,2026-03-03,Uberlândia,310104,SERVIÇOS CONTRATADOS,114150000,,Serviços técnicos em telecomunicações e congêneres.,,"Serviços profissionais, técnicos e gerenciais não classificados em posições anteriores",1,389.00,2.00,7.78,,1,389.00,,,,,,,,,,,,,389.00,389.00,SERVIÇOS CONTRATADOS,05872814001373,,VOGEL SOLUCOES EM TELECOMUNICACOES E INFORMATICA S.A.,,MG,Uberlândia,CADASTROS@ALGARTELECOM.COM.BR,1,01082569000106,,HP MOBILIDADE LTDA,Uberlândia,,contratos@hptransportes.com.br,000000036553326036129747750 - VOGEL SOLUCOES EM TELECOMUNICACO.xml
NFS-e,NFSe Nacional,31702062205872814001373000000039313926038821221332,393139,004,2026-03-03T12:18:56-03:00,2026-03-03,Uberlândia,010501,SERVIÇOS CONTRATADOS,111032100,,Licenciamento ou cessão de direito de uso de programas de computação.,,"Licenciamento de direitos de produção, distribuição ou comercialização de programas de computador (software)",1,2688.00,2.00,53.76,,1,2688.00,,,,,,,,,,,,,2688.00,2688.00,SERVIÇOS CONTRATADOS,05872814001373,,VOGEL SOLUCOES EM TELECOMUNICACOES E INFORMATICA S.A.,,MG,Uberlândia,CADASTROS@ALGARTELECOM.COM.BR,1,01082569000106,,HP MOBILIDADE LTDA,Uberlândia,,contratos@hptransportes.com.br,000000039313926038821221332 - VOGEL SOLUCOES EM TELECOMUNICACO.xml
NFS-e,NFSe Nacional,52188051203817702000150000000067938826034162113834,679388,00001,2026-03-04T07:20:42-03:00,2026-03-04,RIO VERDE - GO,150101,"01 149 - ADMINISTRACAO DE CONVENIOS - PERIODO 28/02/2026 A 28/02/2026 PLANO G 1 X R$ 24,40 = R$ 24,40OUTRAS INFORMACOESPARC: 2012909 DE 28/02/2026 R$ 24,40 VENC: 08/03/2026DE ACORDO COM A IN SRF NR 1.",,,Servico codigo 150101,,,1,24.40,5.00,1.22,5.00,1,24.40,,,,,,,,,,,,,24.40,24.40,"01 149 - ADMINISTRACAO DE CONVENIOS - PERIODO 28/02/2026 A 28/02/2026 PLANO G 1 X R$ 24,40 = R$ 24,40OUTRAS INFORMACOESPARC: 2012909 DE 28/02/2026 R$ 24,40 VENC: 08/03/2026DE ACORDO COM A IN SRF NR 1.",03817702000150,9405,VOLUS INSTITUICAO DE PAGAMENTO LTDA.,VOLUS,GO,RIO VERDE - GO,,1,01082569000106,,H P TRANSPORTES,RIO VERDE - GO,,,000000067938826034162113834 - VOLUS INSTITUICAO DE PAGAMENTO L.xml
NFS-e,NFSe Nacional,35473041226749984000100000000141046726030774981511,1410467,80001,2026-03-05T14:06:55-03:00,2026-03-05,Santana de Parnaíba,040201,"SERVIÇOS DE GESTÃO DE ANÁLISE TÉCNICA - EMISSÃO DE LAUDO (EMPRESAS MASSIVA POS) / 37 LAUDOS A R$ 95,00 CADA",,,Análises clínicas e congêneres.,,,1,3515.00,2.00,70.30,2.00,1,3515.00,,,,,,,,,,,,,3515.00,3298.82,"SERVIÇOS DE GESTÃO DE ANÁLISE TÉCNICA - EMISSÃO DE LAUDO (EMPRESAS MASSIVA POS) / 37 LAUDOS A R$ 95,00 CADA",26749984000100,79172,LABET DIAGNOSTICOS TESTES FORENSES DO BRASIL LTDA,,SP,Santana de Parnaíba,contasareceber@labet.com.br,1,01082569000106,,H P MOBILIDADE LTDA,Santana de Parnaíba,,,000000141046726030774981511 - LABET DIAGNOSTICOS TESTES FORENS.xml
NFS-e,NFSe Nacional,42054072215754475000140000000157578026037243522144,1575780,5,2026-03-04T06:19:15-03:00,2026-03-03,Florianópolis,010302,Plano M - grupohp.com.br (10/01/2026 - 09/01/2027),115061000,,"Armazenamento ou hospedagem de dados, textos, imagens, vídeos, páginas eletrônicas, aplicativos e sistemas de informação, entre outros formatos, e congêneres.",,Serviços de hospedagem de sítios na rede mundial de computadores,1,42.69,2.00,0.85,,1,42.69,,,,,,,,,,,,,42.69,42.69,Plano M - grupohp.com.br (10/01/2026 - 09/01/2027),15754475000140,,HOSTGATOR BRASIL LTDA.,,SC,Florianópolis,fiscal@hostgator.com.br,1,01082569000106,,HP Transportes Coletivos LTDA,Florianópolis,,comunicacao@gestaosian.com.br,000000157578026037243522144 - HOSTGATOR BRASIL LTDA..xml
NFS-e,NFSe Nacional,42054072215754475000140000000157578126037974819900,1575781,5,2026-03-04T06:19:15-03:00,2026-03-03,Florianópolis,010302,Sitelock Professional - grupohp.net.br (10/01/2026 - 09/01/2027),115062100,,"Armazenamento ou hospedagem de dados, textos, imagens, vídeos, páginas eletrônicas, aplicativos e sistemas de informação, entre outros formatos, e congêneres.",,Serviços de hospedagem de aplicativos e programas software como serviço (SaaS),1,18.48,2.00,0.37,,1,18.48,,,,,,,,,,,,,18.48,18.48,Sitelock Professional - grupohp.net.br (10/01/2026 - 09/01/2027),15754475000140,,HOSTGATOR BRASIL LTDA.,,SC,Florianópolis,fiscal@hostgator.com.br,1,01082569000106,,HP Transportes Coletivos LTDA,Florianópolis,,comunicacao@gestaosian.com.br,000000157578126037974819900 - HOSTGATOR BRASIL LTDA..xml
NFS-e,NFSe Nacional,42054072215754475000140000000157578226038870078647,1575782,5,2026-03-04T06:19:23-03:00,2026-03-03,Florianópolis,010302,CodeGuard Básico - grupohp.com.br (10/01/2026 - 09/01/2027),115069000,,"Armazenamento ou hospedagem de dados, textos, imagens, vídeos, páginas eletrônicas, aplicativos e sistemas de informação, entre outros formatos, e congêneres.",,Serviços de hospedagem e de disponibilização de infraestrutura em tecnologia da informação (TI) não classificados em subposições anteriores,1,12.59,2.00,0.25,,1,12.59,,,,,,,,,,,,,12.59,12.59,CodeGuard Básico - grupohp.com.br (10/01/2026 - 09/01/2027),15754475000140,,HOSTGATOR BRASIL LTDA.,,SC,Florianópolis,fiscal@hostgator.com.br,1,01082569000106,,HP Transportes Coletivos LTDA,Florianópolis,,comunicacao@gestaosian.com.br,000000157578226038870078647 - HOSTGATOR BRASIL LTDA..xml
NFS-e,NFSe Nacional,23044001263554067000198000008386417926030586184794,83864179,1,2026-03-01T10:25:38-00:00,2026-03-01,FORTALEZA,042201,"ESTE PAGAMENTO REFERE-SE AO CONTRATO N04QE0 FIRMADO COM A EMPRESA, REFERENTE A COMPETENCIA 032026 ,FICANDO MENCIONADO PAGAMENTO VINCULADO A VIGENCIA DO CITADO CONTRATO COLETIVO.COPARTICIPACAO    . Vl.",109109000,,PLANOS DE SAUDE,,SERVIÇOS DE PLANOS PRIVADOS DE ASSISTÊNCIA À SAÚDE E SERVIÇOS RELACIONADOS NÃO CLASSIFICADOS EM SUBPOSIÇÕES ANTERIORES,1,,,,,1,47869.54,,,,,,,,,,,,,47869.54,47869.54,"ESTE PAGAMENTO REFERE-SE AO CONTRATO N04QE0 FIRMADO COM A EMPRESA, REFERENTE A COMPETENCIA 032026 ,FICANDO MENCIONADO PAGAMENTO VINCULADO A VIGENCIA DO CITADO CONTRATO COLETIVO.COPARTICIPACAO    . Vl.",63554067000198,1065343,HAPVIDA ASSISTENCIA MEDICA S.A.,,CE,FORTALEZA,contab@hapvida.com.br,1,01082569000106,,HP TRANSPORTES COLETIVOS LTDA,FORTALEZA,,saudeocupacional@hptransportes.com.br,000008386417926030586184794 - HAPVIDA ASSISTENCIA MEDICA S.A..xml
NFS-e,CompNFe,77EF3C573,1407887,9,2026-03-03T14:44:34,2026-03-03,SANTANA DE PARNAIBA,,,,4.02,"Análises clínicas, patologia, eletricidade médica, radioterapia, quimioterapia, ultra-sonografia, ressonância magnética, radiologia, tomografia e congêneres",04.02,,0,3569.00,0,0,,,3569.00,23.20,107.07,35.69,3569.00,53.54,3569.00,0,,,,,,3569.00,3349.50,"SERVIÇOS DE GESTÃO DE ANÁLISE TÉCNICA - EMISSÃO DE LAUDO (EMPRESAS MASSIVA POS) / 36 LAUDOS A R$ 95,00 CADA, 1 LAUDOS A R$ 149,00 CADALei.12.741/2012 – Val % Aprox. Tributos incidentes: 3.65% União, 5",26749984000100,,LABET DIAGNOSTICOS TESTES FORENSES DO BRASIL LTDA,,,SANTANA DE PARNAIBA,,0,01082569000106,141372,H P TRANSPORTES COLETIVOS LTDA,GOIANIA,GO,,0007917200000000140788720260303 - LABET DIAGNOSTICOS TESTES FORENS.xml
NFS-e,CompNFe,3H9dXWLdj,2389,RPS,2026-02-23T22:42:10,2026-02-23,GOIANIA,,,,620230002 - 0105,Licenciamento De Programas De Computador Customizáveis,01.05,,0,13050.00,0,0,,,13050.00,0,0,0,13050.00,0,13050.00,0,,,,,,13050.00,13050.00,Carbono IA - Inventario ano-base 2025  SC 021918  Pedido de compra 048923  Data de vencimento: 16/03/2026  Essa NFS-e nao esta sujeita a retencao na fonte do ISSQN por forca do Artigo 3o da LC 116/03/,37665648000197,,DEEP BRASIL INFORMACAO E TECNOLOGIA S.A.,,,GOIANIA,,0,01082569000106,141372,H P TRANSPORTES COLETIVOS LTDA,GOIANIA,GO,,0040685200000000000238920260223 - DEEP BRASIL INFORMACAO E TECNOLO.xml
NFS-e,CompNFe,122W.3100.8478.1958899-R,523431,C1,2026-02-23T17:16:46,2026-02-23,BARUERI,,,,100501220,"Agenciamento, corretagem ou intermediação de bens móveis ou imóveis, não abrangidos em outros itens ou subitens, por quaisquer meios",10.05,,0,147.82,0,0,,,147.82,0,0,0,147.82,0,147.82,0,,,,,,147.82,147.82,"Pedido 3  PROGRAMA DE ESTIMULO A AUMENTO DE PRODUTIVIDADE: 146,66  COMISSAO SOBRE SERVICOS 0.7909450429564980226373926088 %: 1,16  Valor Liquido: 147,82  VENCIMENTO: 02/03/2026  Lei 12741/12 Vl. Trib.",59158642000166,,EDENRED SOLUÇÕES E INSTITUIÇÃO DE PAGAMENTO AHA S.A,,,BARUERI,,0,01082569000106,141372,H P TRANSPORTES COLETIVOS LTDA,GOIANIA,GO,,0483683500000000052343120260223 - EDENRED SOLUÇÕES E INSTITUIÇÃO D.xml
NFS-e,CompNFe,826U.2689.2755.2183999-V,524550,C1,2026-02-25T09:01:16,2026-02-25,BARUERI,,,,100501220,"Agenciamento, corretagem ou intermediação de bens móveis ou imóveis, não abrangidos em outros itens ou subitens, por quaisquer meios",10.05,,0,147.82,0,0,,,147.82,0,0,0,147.82,0,147.82,0,,,,,,147.82,147.82,"Pedido 3  PROGRAMA DE ESTIMULO A AUMENTO DE PRODUTIVIDADE: 146,66  COMISSAO SOBRE SERVICOS 0.7909450429564980226373926088 %: 1,16  Valor Liquido: 147,82  VENCIMENTO: 02/03/2026  Lei 12741/12 Vl. Trib.",59158642000166,,EDENRED SOLUÇÕES E INSTITUIÇÃO DE PAGAMENTO AHA S.A,,,BARUERI,,0,01082569000106,141372,H P TRANSPORTES COLETIVOS LTDA,GOIANIA,GO,,0483683500000000052455020260225 - EDENRED SOLUÇÕES E INSTITUIÇÃO D.xml
NFS-e,CompNFe,101Q.5772.0712.6788799-Q,530271,C1,2026-03-04T10:17:11,2026-03-04,BARUERI,,,,100501220,"Agenciamento, corretagem ou intermediação de bens móveis ou imóveis, não abrangidos em outros itens ou subitens, por quaisquer meios",10.05,,0,1132.26,0,0,,,1132.26,0,0,0,1132.26,0,1132.26,0,,,,,,1132.26,1132.26,"Pedido 4  PROGRAMA DE ESTIMULO A AUMENTO DE PRODUTIVIDADE: 1.108,50  COMISSAO SOBRE SERVICOS 0.7902571041948579161028416779 %: 8,76  TARIFA ADICIONAL: 15,00  Valor Liquido: 1.132,26  VENCIMENTO: 09/03",59158642000166,,EDENRED SOLUÇÕES E INSTITUIÇÃO DE PAGAMENTO AHA S.A,,,BARUERI,,0,01082569000106,141372,H P TRANSPORTES COLETIVOS LTDA,GOIANIA,GO,,0483683500000000053027120260304 - EDENRED SOLUÇÕES E INSTITUIÇÃO D.xml
NFS-e,CompNFe,WHRDJT8L,60404,0,2026-03-06T18:20:11,2026-03-06,SAO PAULO,,,,02800,"Licenciamento ou cessão de direito de uso de programas de computação, inclusive distribuição",01.05,,0,20907.07,0,0,,,20907.07,0,0,0,20907.07,0,20907.07,0,,,,,,20907.07,20907.07,"SO: 80-99489-11 SKU: LS645627B PN:B88206_OVG ORACLE CLOUD USO ADICIONAL   LICS Qtde: 1 -- R$20.907,07 * JEFFERSON.MORAIS@GESTAOSIAN.COM.BR *",01771935000134,,INGRAM MICRO BRASIL LTDA,,,SAO PAULO,,0,01082569000106,141372,H P TRANSPORTES COLETIVOS LTDA,GOIANIA,GO,,2571715400000000006040420260306 - INGRAM MICRO BRASIL LTDA.xml
NFS-e,CompNFe,35503081224166595000118000000041222026031071629044,412220,1,2026-03-06T17:05:44,2026-03-06,SAO PAULO,,,,010501,Licenciamento ou cessão de direito de uso de programas de computação,01.05,999999999,0,3500.00,0,0,,,3500.00,0,0,0,3500.00,0,3500.00,0,,,,,,3500.00,3500.00,1.05 LICENCIAMENTO OU DIREITO DE USO Fevereiro.2026 Competencia dos servicos prestados  BANCO ITAU AG: 0745 C/C: 10977-7 CNPJ: 24.166.595/0001-18 (PIX) BENEFICIARIO: ZENKLUB SERVICOS EPP-LTDA Vencimen,24166595000118,,ZENKLUB SERVICOS LTDA,,,SAO PAULO,,0,01082569000106,141372,H P TRANSPORTES COLETIVOS LTDA,GOIANIA,GO,,5411696100000000041222020260306 - ZENKLUB SERVICOS LTDA.xml
NFS-e,CompNFe,GFPXZ3QX,99270021,L3,2026-02-24T17:14:16,2026-02-24,SAO PAULO,,,,03205,"Fornecimento e administração de vales-refeição, vales-alimentação, vales-transporte e similares, via emissão impressa ou carregados em cartões eletrônicos ou magnéticos, ou outros oriundos de tecnologia adequada",17.12,114012100,0,0.00,0,0,,,0.00,0,0,0,0.00,0,0.00,0,,,0.001,,0.009,0.00,0.00,"TA DISPONIBILIZACAO DE BENEFICIO QTD 880 R$923.417,82 VALOR DA CORRETAGEM OU COMISSAO: ZERO Pedido Web: 3337584 Ped GP: 87814800 Contrato: 4937840013091 IE:ISENTO IM:  IRRF 1,50% R$0,00 SERA RECOLHIDO",47866934000174,,TICKET SERVICOS SA,,,SAO PAULO,,0,01082569000106,141372,H P TRANSPORTES COLETIVOS LTDA,GOIANIA,GO,,5987120200000009927002120260224 - TICKET SERVICOS SA.xml
NFS-e,CompNFe,GZLRFQPL,99270022,L3,2026-02-24T17:14:16,2026-02-24,SAO PAULO,,,,03205,"Fornecimento e administração de vales-refeição, vales-alimentação, vales-transporte e similares, via emissão impressa ou carregados em cartões eletrônicos ou magnéticos, ou outros oriundos de tecnologia adequada",17.12,114012100,0,0.00,0,0,,,0.00,0,0,0,0.00,0,0.00,0,,,0.001,,0.009,0.00,0.00,"TRE DISPONIBILIZACAO DE BENEFICIO QTD 880 R$2.293,72 VALOR DA CORRETAGEM OU COMISSAO: ZERO Pedido Web: 3337584 Ped GP: 87814799 Contrato: 4937840022121 IE:ISENTO IM:  IRRF 1,50% R$0,00 SERA RECOLHIDO ",47866934000174,,TICKET SERVICOS SA,,,SAO PAULO,,0,01082569000106,141372,H P TRANSPORTES COLETIVOS LTDA,GOIANIA,GO,,5987120200000009927002220260224 - TICKET SERVICOS SA.xml
NFS-e,CompNFe,QRAJWBK5,99666687,L4,2026-03-04T11:35:52,2026-03-04,SAO PAULO,,,,03205,"Fornecimento e administração de vales-refeição, vales-alimentação, vales-transporte e similares, via emissão impressa ou carregados em cartões eletrônicos ou magnéticos, ou outros oriundos de tecnologia adequada",17.12,114012100,0,0.00,0,0,,,0.00,0,0,0,0.00,0,0.00,0,,,0.001,,0.009,0.00,0.00,"TA DISPONIBILIZACAO DE BENEFICIO QTD 4 R$3.240,08 DESC. REF. AVISOS CRED. NRS. 1576288 -R$1.146,86 VALOR DA CORRETAGEM OU COMISSAO: ZERO Pedido Web: 3393024 Ped GP: 88589509 Contrato: 4937840013091 IE",47866934000174,,TICKET SERVICOS SA,,,SAO PAULO,,0,01082569000106,141372,H P TRANSPORTES COLETIVOS LTDA,GOIANIA,GO,,5987120200000009966668720260304 - TICKET SERVICOS SA.xml
